lee happy earth day,chaitri hapugal,2
chaitri hapugal,sri lanka,10
chaitri hapugal,pm lee,2
chaitri hapugal,lee awesom,8
chaitri hapugal,singapor,4
chaitri hapugal,singaporean,2
chaitri hapugal,lee good,2
chaitri hapugal,asean,2
chaitri hapugal,lee good morn,2
chaitri hapugal,jen hotel,2
chaitri hapugal,pakistan,2
singapor,singaporean,320
singapor,singapor,726
singapor,taiwan,28
singapor,roc,2
singapor,prc,2
singapor,lee good,2
singapor,chaitri,2
singapor,chai,2
singapor,iván duqu,4
singapor,god,78
singapor,colombia,4
singapor,pm lee,518
singapor,the singapore govt,2
singapor,healthcar,8
singapor,lee,178
singapor,unit,30
singapor,stay home for,2
singapor,mr lee,66
singapor,sarawakian,4
singapor,pm mr lee,22
singapor,united n,2
singapor,bangladesh,124
singapor,lee hsien,16
singapor,world health organisation ( who,2
singapor,pm lee singapor,2
singapor,lee hsien loong,92
singapor,do.w,6
singapor,entire singapor,2
singapor,indian,40
singapor,india,86
singapor,pm lee hsein loong,4
singapor,prayer,4
singapor,lee singaporean,2
singapor,the unsinkable singapore ship,2
singapor,orchard road,2
singapor,gurudwara,2
singapor,US,4
singapor,franc,2
singapor,pm lee w,2
singapor,sgunit,48
singapor,lee mi,2
singapor,malaysia,46
singapor,rachel wong,2
singapor,new zealand,16
singapor,lee pleas,2
singapor,front,4
singapor,australian,6
singapor,national servic,2
singapor,stay strong stay healthy stay saf,6
singapor,maldiv,2
singapor,singapore govt,2
singapor,easter,8
singapor,PM,36
singapor,muslim,18
singapor,nation,6
singapor,hole,2
singapor,bangladesh salut,4
singapor,japan,14
singapor,betti,2
singapor,singapura,4
singapor,please leav,6
singapor,carpet sweep,6
singapor,cpf,6
singapor,breakthrough,6
singapor,singapore pm,4
singapor,lee allah,4
singapor,buddha,4
singapor,malaysian,18
singapor,penang,2
singapor,SG,64
singapor,lee kuan yew,12
singapor,colombian,4
singapor,dashboard,2
singapor,bangladeshi,48
singapor,singapore govern,20
singapor,bangladesh worker’,2
singapor,the singaporean &,2
singapor,the singapore govern,12
singapor,changi,2
singapor,pm lee hl,2
singapor,philippin,32
singapor,majula singapura,2
singapor,sikh malayale,2
singapor,bengali,8
singapor,truli,12
singapor,pm lee hsien loong,16
singapor,the circuit breaker seri,4
singapor,lki,16
singapor,RC,2
singapor,lee kuan yew”ent,2
singapor,NZ,20
singapor,breaker,4
singapor,keep singapore covid fre,4
singapor,working hard,2
singapor,bangladesh.th,2
singapor,you.w,2
singapor,walk the talk’,2
singapor,prime,16
singapor,the government of singapor,6
singapor,congratulations singapor,2
singapor,malay,2
singapor,chines,24
singapor,america,4
singapor,sg unit,16
singapor,nuh,4
singapor,mrs lee,4
singapor,exemplari,2
singapor,pm mr,10
singapor,great new,4
singapor,majulah singapura,34
singapor,glad,4
singapor,kia kaha,2
singapor,#,10
singapor,counsel,2
singapor,heidi,2
singapor,switzerland,34
singapor,singapore jia,2
singapor,great,6
singapor,modiji,2
singapor,asean,16
singapor,hari bulan,2
singapor,’s,12
singapor,singaporebest,2
singapor,mrt busses &,2
singapor,the singapore favourit,4
singapor,dick le,4
singapor,citizen,8
singapor,toler,4
singapor,salut,18
singapor,ofw,2
singapor,kaseh tuan pm lhl,2
singapor,kerajaan singapura,2
singapor,UK,26
singapor,pm lee safe singapor,2
singapor,singapore employment pass,2
singapor,lee stay safe stay strong,2
singapor,Q.,2
singapor,win,4
singapor,llaha,4
singapor,singapore bangladesh,4
singapor,pm.and,4
singapor,tekka,6
singapor,nai hello le,4
singapor,blessed countri,4
singapor,tkq singapore n,2
singapor,thankveri,2
singapor,s korea,2
singapor,sincer,2
singapor,annabel,6
singapor,swha,2
singapor,stay home & be saf,2
singapor,govt,4
singapor,the circuit break,14
singapor,team,6
singapor,MR,2
singapor,jia,10
singapor,bill gat,2
singapor,PS,2
singapor,pm lee god,2
singapor,FW,4
singapor,parliament,4
singapor,pls take,2
singapor,nan chiau primary school,2
singapor,kfc hougang mal,2
singapor,jog,4
singapor,pmlee,10
singapor,covid-19,56
singapor,us.you,2
singapor,dubai,4
singapor,wear,4
singapor,pm lee onc,2
singapor,healthy keep,2
singapor,nice post,2
singapor,jeffrey ng,2
singapor,p.m lee,6
singapor,matterhorn,4
singapor,jia you singapor,2
singapor,greatly bless,2
singapor,highlight,2
singapor,woodland waterfront,2
singapor,mask,6
singapor,thk,6
singapor,pm lee’s cal,2
singapor,salam ramadhan,4
singapor,kevin tan,2
singapor,corona,14
singapor,media,2
singapor,united nations of singapor,2
singapor,china,28
singapor,bless,16
singapor,god bless,2
singapor,gov,2
singapor,mumbai,6
singapor,the government agencies embassi,6
singapor,thankyou pm le,2
singapor,lee you,2
singapor,baguslah,2
singapor,dearest,2
singapor,singapore’,4
singapor,inshaallah,4
singapor,tamil,4
singapor,commun,2
singapor,bangladesh friendship,4
singapor,post-covid singapor,2
singapor,andra,2
singapor,indonesia,10
singapor,thailand,8
singapor,taiwanes,8
singapor,bhaishaki,2
singapor,sikh,2
singapor,punjabi,2
singapor,moh,2
singapor,singaporean’,6
singapor,CB,10
singapor,respect you mr lhl,2
singapor,sri lanka,4
singapor,the task forc,4
singapor,lee god,2
singapor,covid19 &,2
singapor,hero,4
singapor,lee best,6
singapor,narendra,2
singapor,pm assalamu,6
singapor,mosqu,6
singapor,nandri,2
singapor,bangladeshi work,4
singapor,the medical team,4
singapor,prayforsingapor,4
singapor,singaprean,2
singapor,globalon,6
singapor,vietnam,6
singapor,grab,2
singapor,hbl,2
singapor,tamil new,2
singapor,stay strong singapor,2
singapor,#proudofwwife vash huelar,2
singapor,worldi'm,2
singapor,peru,2
singapor,govtech,2
singapor,government technology ag,2
singapor,ministry of health singapor,2
singapor,ms annabel,2
singapor,worker,4
singapor,honest,2
singapor,& frontlin,2
singapor,200k,2
singapor,hawker,4
singapor,pm mr lee &,4
singapor,govt of singapor,4
singapor,vit nam,2
singapor,africa & south america,2
singapor,Pm,4
singapor,icu,14
singapor,stay home for them or els,2
singapor,pm n,2
singapor,malayale,6
singapor,singaporean &,2
singapor,bullionstar singapor,2
singapor,bullion,4
singapor,hong kong,6
singapor,going to overflow with strength wisdom health and favour!,2
singapor,usa,4
singapor,Sg,4
singapor,cho winnie’,2
singapor,honey organ,2
singapor,keep,2
singapor,modiji good,2
singapor,canadian,2
singapor,south korea,2
singapor,ramadhan n hari raya,4
singapor,social distanc,2
singapor,the f. work,2
singapor,lhl,4
singapor,lockdown,12
singapor,thanx,2
singapor,multi ministerials taskforce &,2
singapor,frontline servic,2
singapor,pm lee & everyon,2
singapor,p.s.,2
singapor,dear singapor,2
singapor,wuhan,16
singapor,wechat,6
singapor,ica,8
singapor,zermatt matterhorn,2
singapor,spf,4
singapor,mrt,4
singapor,pls stay,2
singapor,who,12
singapor,ramadhan,6
singapor,gmt,2
singapor,amen,2
singapor,covid 19,2
singapor,melayu,2
singapor,nurs,2
singapor,vaisakhi,2
singapor,& singapore u,2
singapor,ikea,2
singapor,xinfeng counti,2
singapor,yay,2
singapor,canada,4
singapor,blessed east,6
singapor,minnesota,4
singapor,bangladesh uncl,2
singapor,asian,6
singapor,coronavirus,2
singapor,i.c.u,2
singapor,roman cathol,2
singapor,wfh,2
singapor,covid -19,4
singapor,friendship forev,2
singapor,risen,2
singapor,cbd - circuit breaker day stay sg,2
singapor,tan,4
singapor,care,2
singapor,park,6
singapor,singaporea,2
singapor,cnn,2
singapor,leader,4
singapor,good bahasa,4
singapor,lee can,2
singapor,super,2
singapor,sg govt,2
singapor,lee w,2
singapor,minist,2
singapor,the medical heroes (doctors nurses and clean,2
singapor,mustafa,2
singapor,auckland,2
singapor,cabinet,4
singapor,dad lee kuan yew,4
singapor,polyclin,2
singapor,phpc,2
singapor,model viet nam,2
singapor,cib,2
singapor,rethink,2
singapor,hatt,2
singapor,vernon,2
singapor,spr,4
singapor,hinterland,4
singapor,citizens of singapor,4
singapor,queen elizabeth,2
singapor,pm lee hsien loong!speci,2
singapor,& healthcar,2
singapor,contact trac,2
singapor,hau,2
singapor,mm lee,2
singapor,gardner,2
singapor,united singapor,4
singapor,india &,2
singapor,india tamilnadu,2
singapor,itali,6
singapor,germani,2
singapor,bapak,2
singapor,medicar,4
singapor,multi-ministry taskforc,2
singapor,sgrean,2
singapor,alhamdolillah,2
singapor,pm & mp,2
singapor,ilove singapor,12
singapor,howeverit,2
singapor,conana,2
singapor,poland,2
singapor,doa,2
singapor,tetap sehat kuat,2
singapor,dlm,2
singapor,semua yang,2
singapor,menjadi,2
singapor,god blessings  ,2
singapor,singapore singaporean pr work,2
singapor,nea,2
singapor,md arif mahmud,2
singapor,christian,6
singapor,pm lee quit,2
singapor,covid.can,2
singapor,the citizens of singapor,2
singapor,pm lee you,2
singapor,united sg,2
singapor,the world,2
singapor,helperssecurity guardsica,2
singapor,geylang,4
singapor,usa 97k,2
singapor,pm lee &,4
singapor,thumb,4
singapor,honor,2
singapor,lee hsien loong veri,2
singapor,pm singapura,2
singapor,taskforce saf home team,2
singapor,heng,12
singapor,ministerial task forc,12
singapor,lee fin,6
singapor,sim,4
singapor,vietnames,4
singapor,east - toh guan,2
singapor,time,2
singapor,singapore/,2
singapor,bill,2
singapor,toopm le,2
singapor,cantones,2
singapor,teochew,2
singapor,zermatt,4
singapor,pm mr heng,2
singapor,halimah,2
singapor,pm leef,2
singapor,pmspm mr lee,6
singapor,learn,2
singapor,jia u,2
singapor,pm human,6
singapor,rip,2
singapor,covid19,2
singapor,chiang mai,2
singapor,grace,2
singapor,singaporean par,2
singapor,suppos,2
singapor,count on me singapore & stand,2
singapor,cambodia,2
singapor,world,2
singapor,lift,2
singapor,trains and st,2
singapor,6),2
singapor,antipolo philippin,2
singapor,foreign migr,2
singapor,muga,2
singapor,gov't,8
singapor,sia,2
singapor,singapore rgds nadim,2
singapor,hdb,2
singapor,wish sg,2
singapor,batam,2
singapor,congratul,2
singapor,singaporean.to,2
singapor,u pm le,2
singapor,singapore     ,2
singapor,you.lik,2
singapor,philosopher jo,2
singapor,speech,4
singapor,will,4
singapor,hidden carri,2
singapor,prevail,4
singapor,& hv,2
singapor,Hv,2
singapor,ppe,4
singapor,hanoi,2
singapor,ho chi minh c,2
singapor,philippinesi,2
singapor,s. korea,2
singapor,african,2
singapor,mr lee god,2
singapor,s. korean',2
singapor,carpet sweep population test,4
singapor,world confid,4
singapor,island,4
singapor,totally poss,4
singapor,mfa singapor,4
singapor,love &,2
singapor,korea,2
singapor,niessa moham,2
singapor,singaporean friend,2
singapor,keep safe singapor,2
singapor,totaldef,2
singapor,us.w,2
singapor,the best country in the world,2
singapor,singapore should b,2
singapor,frontline fight,2
singapor,ramadan mubarak,2
singapor,staff,2
singapor,goodwil,2
singapor,bahru,2
singapor,singapore nation build,2
singapor,singh,2
singapor,inshaallah  ,4
singapor,mp & each &,4
singapor,lot,4
singapor,bangladeshi worker',4
singapor,you.real,2
singapor,singapore & india!,4
singapor,indonesian professional engineer associ,2
singapor,bangladeshi.w,2
singapor,wp spass & epass,2
singapor,sg &,2
singapor,first &,2
singapor,allha,2
singapor,circut break,4
singapor,armi,2
singapor,wala'fiat pm le,2
singapor,semua,2
singapor,switzerland &,2
singapor,hsien loong,2
singapor,lee alhamdulillah,2
singapor,sco,2
singapor,yok,2
singapor,the pap govt,2
singapor,medishield lif,2
singapor,regard,2
singapor,southend west sid,2
singapor,geneva.may,2
singapor,punjabi’,4
singapor,parveen gandhi,4
singapor,british,2
singapor,the foreign work,4
singapor,madam teo mom,4
singapor,singapore singapor,2
singapor,love,2
singapor,singaporeboleh,2
singapor,majullah singapore!,2
singapor,siow,2
singapor,pm lhl,2
singapor,number,6
singapor,cni,4
singapor,health,2
singapor,gan,2
singapor,blessed holi,2
singaporean,pm lee,224
singaporean,majulah singapura,26
singaporean,unit,14
singaporean,singaporean,94
singaporean,care,2
singaporean,mrs lee,4
singaporean,pohela boishakh and tamil,2
singaporean,lee singaporean,2
singaporean,the unsinkable singapore ship,2
singaporean,govt,18
singaporean,covid -19,2
singaporean,sgunit,8
singaporean,bangladeshi,4
singaporean,indian,4
singaporean,modi,2
singaporean,india,8
singaporean,lee,38
singaporean,god,16
singaporean,generos,4
singaporean,CB,16
singaporean,the singaporean govt,2
singaporean,great,2
singaporean,dubai,8
singaporean,mr lee,20
singaporean,#,2
singaporean,SG,36
singaporean,countri,2
singaporean,@orchard c,2
singaporean,philippin,18
singaporean,front,4
singaporean,majula singapura,4
singaporean,truli,4
singaporean,the circuit breaker seri,2
singaporean,salut,8
singaporean,hbl,10
singaporean,moe,8
singaporean,glad,6
singaporean,lee hsien loongdo,2
singaporean,bless,6
singaporean,NZ,6
singaporean,islam,2
singaporean,tablighi jamaat,2
singaporean,covi,2
singaporean,counsel,2
singaporean,covid,2
singaporean,lee hsien loong,12
singaporean,healthcar,2
singaporean,pm &,4
singaporean,covid-19,22
singaporean,thailand,4
singaporean,’s,2
singaporean,spain,2
singaporean,trumpland,2
singaporean,ntuc,2
singaporean,bangkok,4
singaporean,thai,2
singaporean,pm.and,2
singaporean,UK,6
singaporean,switzerland,6
singaporean,Pm,2
singaporean,pls take,2
singaporean,nan chiau primary school,2
singaporean,kfc hougang mal,2
singaporean,pm lee &,6
singaporean,PM,18
singaporean,ta bao,2
singaporean,bangladesh,6
singaporean,taman jurong camp,2
singaporean,the artillery unit,2
singaporean,united nations of singapor,2
singaporean,china,16
singaporean,lee hsien,2
singaporean,sad.pray,2
singaporean,jiayou,2
singaporean,phv,8
singaporean,ping,4
singaporean,new zealand,2
singaporean,sons and daughters of singapor,2
singaporean,US,2
singaporean,muslim,6
singaporean,the circuit break,2
singaporean,moh,2
singaporean,corona,2
singaporean,beco,2
singaporean,the unity resili,2
singaporean,solidarity budget,2
singaporean,salute     ,2
singaporean,circuit,2
singaporean,bukit batok nature park,2
singaporean,pm lee hsien loong,8
singaporean,malaysian,12
singaporean,lki,2
singaporean,lee lee hsien loong,2
singaporean,cleaner,2
singaporean,rohan,2
singaporean,prime,6
singaporean,sg unit,8
singaporean,parliament,2
singaporean,raymond chong,2
singaporean,children,2
singaporean,stay hom,2
singaporean,worker,2
singaporean,honest,2
singaporean,pm lee',4
singaporean,stay home stay,2
singaporean,keep,2
singaporean,pm n,2
singaporean,lee minist,2
singaporean,sg govern,2
singaporean,lee hsien loong &,2
singaporean,the stay home measur,2
singaporean,mrt,4
singaporean,no better country to l,2
singaporean,mustafa’,2
singaporean,maxwel,2
singaporean,keppel shipyard,2
singaporean,centr,2
singaporean,malaysia,4
singaporean,thk,4
singaporean,multi ministerials taskforce &,2
singaporean,frontline servic,2
singaporean,pm lee & everyon,2
singaporean,p.s.,2
singaporean,wuhan,4
singaporean,chines,8
singaporean,wechat,2
singaporean,critical spect,2
singaporean,gmt,2
singaporean,pm lee n team,2
singaporean,& grate,2
singaporean,arubaw,2
singaporean,united!,4
singaporean,ikea,2
singaporean,singapore govern,6
singaporean,easter,2
singaporean,blessed east,4
singaporean,nea,2
singaporean,northoak,2
singaporean,roman cathol,2
singaporean,wfh,2
singaporean,syaba,2
singaporean,kuddus bangladesh,2
singaporean,pm mr lee,4
singaporean,super,2
singaporean,lee pleas,2
singaporean,istayathom,2
singaporean,GE,6
singaporean,sri lanka,2
singaporean,dormitori,2
singaporean,hong kong,2
singaporean,taiwan,2
singaporean,germani,2
singaporean,holland villag,2
singaporean,dutert,2
singaporean,pm & mp,2
singaporean,jia,2
singaporean,christian,6
singaporean,who,4
singaporean,the citizens of singapor,2
singaporean,divine protect,2
singaporean,guruji,4
singaporean,usa 97k,2
singaporean,mall,2
singaporean,mandarin malay,2
singaporean,tamil,2
singaporean,singapore safe and strong,2
singaporean,solidarity payment and employe,2
singaporean,the jobs support schem,2
singaporean,zermatt,2
singaporean,hand sanit,2
singaporean,heng,2
singaporean,learn,2
singaporean,hari raya haji,2
singaporean,covid19,4
singaporean,vaisakhi,4
singaporean,Rc,2
singaporean,grace,2
singaporean,count on me singapore & stand,2
singaporean,sia,2
singaporean,u pm le,2
singaporean,singapore     ,2
singaporean,joesepine teo,2
singaporean,calm,2
singaporean,ramadan mubarak,2
singaporean,dorscon r,2
singaporean,govt n,2
singaporean,cbm,2
singaporean,mediacorp,2
singaporean,justice bao,2
singaporean,singapura,2
singaporean,citizen,2
singaporean,mfa singapor,2
singaporean,ramadhan,2
singaporean,icu,2
singaporean,social,2
singaporean,coronaviru,20
singaporean,healthy stay united  ,2
singaporean,& fw,2
singaporean,frontline fight,6
singaporean,staff,2
singaporean,circuit break,2
singaporean,inshaallah  ,2
singaporean,sg armi,2
singaporean,borneo,2
singaporean,stay strong,2
singaporean,hopes pm lee and all minist,2
singaporean,wp spass & epass,4
singaporean,sg &,4
singaporean,first &,4
singaporean,singaporean’,4
singaporean,convid-19,12
singaporean,jeffrey ng,2
singaporean,sco,4
singaporean,erp,2
singaporean,mosqu,2
singaporean,all public service and civil servic,2
singaporean,pm lhl,2
taiwan,roc,2
taiwan,prc,2
taiwan,SG,4
taiwan,china,4
taiwan,taiwan,6
taiwan,malaysia,6
taiwan,indonesia,6
taiwan,india,6
taiwan,philippin,6
taiwan,thailand,6
taiwan,chines,6
taiwan,taiwanes,8
taiwan,mask,2
taiwan,covid-19,2
taiwan,hong kong,2
taiwan,NZ,2
taiwan,taiwan overseas peace servic,2
taiwan,cambodia,6
taiwan,korea,2
taiwan,japan,2
taiwan,hau pei-tsu,2
taiwan,the divine abod,2
taiwan,vietnam,2
taiwan,myanmar,2
roc,prc,2
prc,close,2
prc,covid-19,2
sgstrong,sembawang park,2
lee good,chaitri,4
lee good,chai,2
lee good,cartoon,2
lee good,asean,2
chaitri,chai,2
chaitri,cartoon,2
chaitri,ho ching awesom,2
chaitri,the galle face hotel,2
chaitri,sri lanka,2
chaitri,lee bless,2
chaitri,saf,2
chai,hapugal,2
truli,pm lee,14
truli,jia,4
truli,lee,2
truli,SG,2
truli,singaporean’,2
truli,PM,2
truli,p.s.,2
truli,singapore govern,2
truli,awesom,2
pm lee,pragmat,2
pm lee,majulah singapura,22
pm lee,god,48
pm lee,U,4
pm lee,united n,2
pm lee,switzerland,12
pm lee,pm lee stay strong,2
pm lee,a singaporean team,2
pm lee,new zealand,2
pm lee,singapore & singaporean,2
pm lee,stay strong stay healthy stay saf,4
pm lee,pm lee,44
pm lee,jia,22
pm lee,singapore circuit breaking them,2
pm lee,govt,8
pm lee,SG,82
pm lee,vasakhi vishu boishakh and puthandu,4
pm lee,the whole team,2
pm lee,US,8
pm lee,easter,4
pm lee,covid viru,4
pm lee,Sg,6
pm lee,total,2
pm lee,philippin,12
pm lee,bangladesh,8
pm lee,the singaporean govt,2
pm lee,stay hom,2
pm lee,singapore govern,8
pm lee,bangladesh worker’,2
pm lee,the singaporean &,2
pm lee,the singapore govern,2
pm lee,lee,16
pm lee,front,6
pm lee,majula singapura,6
pm lee,ramadhan,8
pm lee,muslim,6
pm lee,the circuit breaker seri,4
pm lee,chain,2
pm lee,only as strong a,2
pm lee,sana,2
pm lee,stay,4
pm lee,sgunit,42
pm lee,indian,6
pm lee,sg unit,16
pm lee,mrs lee,2
pm lee,hbl,4
pm lee,great new,4
pm lee,majulah singapor,2
pm lee,social / safe distance ambassador,2
pm lee,name card,2
pm lee,each house hold unit,2
pm lee,shops / oth,2
pm lee,nea,2
pm lee,godbless singapor,2
pm lee,great,4
pm lee,modiji,2
pm lee,asean,8
pm lee,leadership,2
pm lee,lee hsien loong,12
pm lee,salut,14
pm lee,filipino,2
pm lee,ofw,2
pm lee,malaysian,2
pm lee,sri lanka,2
pm lee,may,2
pm lee,dutert,2
pm lee,unit,14
pm lee,cabinet n task forc,2
pm lee,singaporean &,2
pm lee,the circuit break,6
pm lee,cnn,4
pm lee,covid,4
pm lee,pm modi,2
pm lee,covid-19,22
pm lee,flying singapor,2
pm lee,sgtogeth,2
pm lee,sandy le,2
pm lee,china,8
pm lee,#,8
pm lee,summit,2
pm lee,stay strong & fight,2
pm lee,ginseng n chicken ess,2
pm lee,stay home & stay saf,2
pm lee,matthew 25:40,2
pm lee,stayhom,2
pm lee,bless,6
pm lee,god bless,2
pm lee,jeffrey ng,2
pm lee,mco,2
pm lee,post-covid singapor,2
pm lee,god bless u n,2
pm lee,singaporean’,2
pm lee,love singapr,2
pm lee,dormitori,2
pm lee,#sgunut,2
pm lee,healthy strong,4
pm lee,salute     ,2
pm lee,lki,2
pm lee,covid19 &,2
pm lee,nandri,2
pm lee,thk,2
pm lee,melayu pm le,2
pm lee,melayu,4
pm lee,syabas pm le,2
pm lee,malaysia & singapura,2
pm lee,singaprean,2
pm lee,globalon,2
pm lee,vietnam,2
pm lee,niv,2
pm lee,the task forc,2
pm lee,pm &,2
pm lee,stay strong singapor,2
pm lee,#proudofwwife vash huelar,2
pm lee,malaysia,2
pm lee,cambodia,2
pm lee,division brigade battalion company platoon section team,2
pm lee,buddi,2
pm lee,ntuc,2
pm lee,foodcourt/hawker centre/market,2
pm lee,eod,2
pm lee,the sg team,2
pm lee,pm lee',2
pm lee,stay home stay,2
pm lee,keep,2
pm lee,blessed good,6
pm lee,christian,4
pm lee,gov,4
pm lee,sudesna,2
pm lee,no better country to l,2
pm lee,mrt &,4
pm lee,CB,4
pm lee,phv,2
pm lee,health car,2
pm lee,sat,2
pm lee,speech,2
pm lee,singpor,2
pm lee,flying colour,2
pm lee,great team efforts decisive plan,2
pm lee,jaga,2
pm lee,thumb,2
pm lee,amen,2
pm lee,redha,2
pm lee,amin,2
pm lee,covid 19,2
pm lee,thailand,2
pm lee,bangkok,2
pm lee,chines,4
pm lee,bangladeshi,4
pm lee,love &,2
pm lee,friendship forev,2
pm lee,india pm,2
pm lee,appreciate india pm,2
pm lee,health,4
pm lee,ramadhan mubarak,2
pm lee,mosqu,2
pm lee,UK,2
pm lee,mdm,2
pm lee,gigi jeslyn mak,2
pm lee,andrew cuomo’,4
pm lee,apex,4
pm lee,GE,2
pm lee,corona,2
pm lee,guam,2
pm lee,globalunit,2
pm lee,united singapor,4
pm lee,india &,2
pm lee,india tamilnadu,2
pm lee,who,2
pm lee,nintendo,2
pm lee,the jazz association (singapor,2
pm lee,the citizens of singapor,2
pm lee,foreign work,2
pm lee,goh chok tong,2
pm lee,lee kwan yew,2
pm lee,win,2
pm lee,global,2
pm lee,bill,2
pm lee,congrat,2
pm lee,take car,2
pm lee,singaporeans & resid,2
pm lee,felt,2
pm lee,hope & new begin,2
pm lee,god bless singapor,2
pm lee,team for keeping singapore safe and,2
pm lee,dingaporean,4
pm lee,sadhu sadhu sadhu,2
pm lee,grace,2
pm lee,parliament,4
pm lee,toto n,2
pm lee,thankfully singapor,2
pm lee,singaporian,2
pm lee,ramadan mubarak,2
pm lee,sah &,2
pm lee,team for keeping singapore saf,2
pm lee,’s,2
pm lee,mediacorp,2
pm lee,justice bao,2
pm lee,straits tim,2
pm lee,gov.sg,2
pm lee,mr lee,4
pm lee,anda,4
pm lee,lady gaga taylor swift jacky cheung l,2
pm lee,australia,2
pm lee,convid-19,8
pm lee,icu,2
pm lee,Us,2
pm lee,totaldef,2
pm lee,healthy stay united  ,2
pm lee,one nation proudly standing for singapor,2
pm lee,wow stat,2
pm lee,nigeria,2
pm lee,kopitiam sengkang centr,2
pm lee,sinporean,2
pm lee,english,2
pm lee,bangladeshi.w,2
pm lee,hopes pm lee and all minist,2
pm lee,bahasa,2
pm lee,circut break,2
pm lee,godbless,2
pm lee,godspe,2
pm lee,healthcar,2
pm lee,the pap govt,2
pm lee,singtel,2
pm lee,starhub,2
pm lee,hat,2
pm lee,the ministry of health,2
pm lee,staff,2
pm lee,the health care hero,2
pm lee,united!,2
pm lee,covid -19,2
pm lee,sandy lee’,2
pm lee,fdw,4
pm lee,number,2
pm lee,cna,2
pm lee,stephanie sun,2
pm lee,kit chan,2
pm lee,dick le,2
pm lee,happy good,2
iván duqu,god,2
iván duqu,colombia,2
iván duqu,colombian,4
god,colombia,2
god,pm lee hsien loongpray,2
god,lee,14
god,philippin,2
god,front,2
god,majula singapura,2
god,sg unit,2
god,corona,2
god,pm mr lee,2
god,N,2
god,US,4
god,healthy strong,2
god,lee hsien loong,4
god,niv,2
god,pmlee,2
god,malayale,2
god,indian,2
god,sgunit,2
god,usa,2
god,Sg,2
god,SG,8
god,salut,2
god,malaysian,2
god,christian,6
god,singapore &,2
god,mr lee,4
god,pm lee hsien loong,2
god,hdb,2
god,hero,2
god,gan kim,2
god,lawrence wong,2
god,india,4
god,singapore & india!,2
colombia,singaporean &,2
mr lee,SG,12
mr lee,taskforce saf home team,2
mr lee,jiayou,2
mr lee,lee,6
mr lee,bangladesh,2
mr lee,singaporeans.w,2
mr lee,amituofo,2
mr lee,parliament,2
mr lee,sgunut,2
mr lee,sg govt,2
mr lee,thk,4
mr lee,mr lee,2
mr lee,onto,2
mr lee,singapore &,2
mr lee,vietnam,2
mr lee,tamil,2
mr lee,geylang,2
mr lee,us.w,2
mr lee,sgunit,2
mr lee,bangladeshi.w,2
mr lee,ppl,2
mr lee,park,2
mr lee,united singapor,2
mr lee,CB,2
mr lee,british,2
mr lee,all public service and civil servic,2
mr lee,sg unit,2
mr lee,majulah singapura,2
SG,SG,52
SG,vasakhi vishu boishakh and puthandu,4
SG,bangladesh,4
SG,india,2
SG,myian,2
SG,majulah singapura,2
SG,@orchard c,4
SG,fellow singaporean,2
SG,wfh,2
SG,NZ,14
SG,leew,2
SG,china,18
SG,sgunit,8
SG,ta bao,2
SG,bangkok,4
SG,lee,14
SG,andra,4
SG,spl,2
SG,philippin,4
SG,unit,10
SG,lee hat,2
SG,parliament,2
SG,#,2
SG,malaysia,6
SG,mco,2
SG,lockdown,2
SG,whatsapp,2
SG,singapore police forc,2
SG,govt,6
SG,pm lee--,2
SG,tamil,2
SG,giant,6
SG,CB,4
SG,leepleas,2
SG,PM,2
SG,bangladeshi,2
SG,comfortingassur,2
SG,corona viru,2
SG,hoax,2
SG,democrat,2
SG,covid-19,6
SG,requir,2
SG,malaysian,4
SG,li shiwan,2
SG,lianh,2
SG,zao bao,2
SG,pm lee',2
SG,rip,2
SG,’s,2
SG,citi,2
SG,phpc,2
SG,wuhan,8
SG,whole bangladesh,2
SG,sg honest,2
SG,pm lee godbless,2
SG,sir,2
SG,denmark,2
SG,pm lee tk,2
SG,onto,2
SG,united sg,2
SG,pm lee hsien loong,2
SG,antipolo philippin,2
SG,salut,2
SG,thankfully singapor,2
SG,zoo,2
SG,xia suay idiot,2
SG,wear,2
SG,u pm le,2
SG,singapore     ,2
SG,sah &,4
SG,govt n,4
SG,tagalog,2
SG,lamok-19,2
SG,ban,2
SG,gather,2
SG,nepal,2
SG,straights tim,2
SG,tcm,2
SG,sporean,2
SG,lee minist,2
SG,love,2
SG,switzerland,4
SG,chines,4
SG,US,2
SG,south korea,2
SG,sg unit,2
SG,regards jerald,4
switzerland,switzerland,34
switzerland,israel,8
switzerland,healthy stay saf,8
switzerland,zermatt,14
switzerland,heidi,2
switzerland,matterhorn,4
switzerland,mttitli,2
switzerland,peru,2
switzerland,#,2
switzerland,friendship forev,2
switzerland,’s,2
switzerland,zematt villag,2
switzerland,swiss,4
switzerland,new zealand,4
switzerland,indonesia,4
switzerland,wendy ang,4
switzerland,lve,2
switzerland,chines,2
switzerland,wuhan,2
israel,healthy stay saf,2
israel,canada,2
israel,norway,2
israel,lee,2
israel,singapore airlin,2
israel,changi,2
the singapore govt,healthcar,2
healthcar,sg team,2
healthcar,covid-19,2
healthcar,salut,2
lee,indian,4
lee,lee pleas,4
lee,modi,8
lee,india,10
lee,the singapore police ministri,2
lee,the medical depart,2
lee,malaysian,8
lee,penang,2
lee,great,4
lee,dubai,4
lee,lee kuan yew,2
lee,malaysia,2
lee,bangladeshi,6
lee,lee hsien loong,8
lee,philippin,6
lee,front,2
lee,majula singapura,2
lee,working hard,2
lee,mabuhay,2
lee,sgunit,4
lee,inshallah,2
lee,ogi,2
lee,SE,2
lee,covid 19.big,2
lee,amituofo,2
lee,singapore govern,4
lee,park,2
lee,china,2
lee,pm mr,6
lee,understand,2
lee,abdul khaliff,2
lee,majulah singapura,10
lee,bill gat,2
lee,PS,2
lee,FW,2
lee,parliament,2
lee,us.you,2
lee,nice post,2
lee,jeffrey ng,4
lee,leader,2
lee,wear,2
lee,jiayou,2
lee,’s,2
lee,PM,6
lee,sin,2
lee,indonesia,2
lee,mari,2
lee,salut,2
lee,hero,2
lee,narendra,2
lee,super,2
lee,creator,2
lee,lee,10
lee,canada,2
lee,norway,2
lee,singapore airlin,2
lee,changi,2
lee,ntu,2
lee,now,2
lee,discipline of publ,2
lee,yishun,2
lee,sengkang,2
lee,CB,4
lee,great leaders - pm,2
lee,malay,2
lee,sg unit,4
lee,modiji good,2
lee,sg.whi,2
lee,healthy mr,2
lee,bangla,2
lee,bless,2
lee,pm mr lee,4
lee,muslim,2
lee,ramadhan,2
lee,the circuit break,6
lee,tamilnadu india,2
lee,tamil,4
lee,sha,2
lee,HV,2
lee,UK,2
lee,covid-19,6
lee,hau,2
lee,mm lee,2
lee,thk,2
lee,alhamdolillah,2
lee,u.n.,2
lee,phpc,2
lee,honor,2
lee,denmark,2
lee,BD,2
lee,heng,2
lee,pmspm mr lee,2
lee,Pm,2
lee,foreign migr,4
lee,prime,4
lee,mac donald,2
lee,newzealand,2
lee,new zealand,2
lee,mrt,2
lee,art galleri,4
lee,niessa moham,2
lee,vietnames,2
lee,all pray for singapor,2
lee,bangladeshi.w,2
lee,wuhan,2
lee,circut break,4
lee,singaporew,2
lee,hsien loong,2
lee,medishield lif,2
lee,bca,6
lee,hdb,2
lee,modiji,2
lee,india & singapor,2
majulah singapura,myian,2
majulah singapura,pmlee,4
majulah singapura,PM,4
majulah singapura,unit,2
majulah singapura,dormitori,2
majulah singapura,#sgunut,2
majulah singapura,sg unit,4
majulah singapura,multi ministerials taskforce &,2
majulah singapura,frontline servic,2
majulah singapura,pm lee & everyon,2
majulah singapura,india pm,2
majulah singapura,appreciate india pm,2
majulah singapura,india,2
majulah singapura,geylang,4
majulah singapura,worker,2
majulah singapura,bill,2
majulah singapura,vaisakhi,2
majulah singapura,sporean,2
majulah singapura,grace,2
majulah singapura,staff,2
majulah singapura,circut break,2
majulah singapura,the circuit break,2
majulah singapura,all public service and civil servic,2
gki,JT,2
circuit break,govt,2
govt,covid -19,2
govt,singapore circuit breaking them,2
govt,govt,16
govt,the circuit break,2
govt,mustafa,2
govt,rohan,2
govt,CB,12
govt,whatsapp,4
govt,singapore police forc,4
govt,rsaf,2
govt,malaysia,4
govt,diy,2
govt,the social distancing and stay at hom,2
govt,unrelated family memb,2
govt,kovan,2
govt,hougang mal,2
lee the world,unit,2
lee the world,covid-19,2
unit,covid-19,4
unit,#,2
unit,sporean,2
unit,sg unit,2
unit,novena,4
unit,unit,4
unit,novena squar,12
unit,stay calm,2
unit,lee you,2
unit,the circuit break,4
unit,moh,4
unit,pm ler,2
unit,cleaner,2
unit,CB,2
unit,’s,2
unit,speech,2
unit,singpor,2
unit,doner,2
unit,strong,2
unit,UK,2
unit,wow stat,2
unit,nigeria,2
covid-19,malaysia,4
covid-19,harmoni,2
covid-19,singapore govern,6
covid-19,kidney liver heart,2
covid-19,malaria,6
covid-19,franc,2
covid-19,sweet,2
covid-19,usa,2
covid-19,nandri,2
covid-19,lee hsien loong,4
covid-19,the singaporean & migr,2
covid-19,& frontlin,2
covid-19,bangladesh,4
covid-19,lee appreci,2
covid-19,sgunit,4
covid-19,covid-19,12
covid-19,tcm,6
covid-19,icu,4
covid-19,CB,8
covid-19,pls stay,2
covid-19,great,2
covid-19,kami,4
covid-19,close,2
covid-19,hong kong,2
covid-19,united sg,2
covid-19,ntuc,2
covid-19,heng,8
covid-19,ministerial task forc,8
covid-19,lee fin,4
covid-19,prime,2
covid-19,mask,2
covid-19,world,2
covid-19,lift,2
covid-19,trains and st,2
covid-19,6),2
covid-19,vietnames,2
covid-19,hanoi,2
covid-19,ho chi minh c,2
covid-19,wfh,2
covid-19,washington st,2
covid-19,mrt,2
covid-19,wp spass & epass,2
covid-19,sg &,2
covid-19,first &,2
covid-19,singaporean’,2
covid-19,india,2
covid-19,salut,2
covid-19,US,2
covid-19,south korea,2
covid-19,sg unit,2
mrs lee,esm goh,4
mrs lee,p. s.,2
mrs lee,national service day,2
mrs lee,ndp,2
mrs lee,GE,2
esm goh,p. s.,2
esm goh,national service day,2
p. s.,national service day,2
indian,lee pleas,2
indian,india,6
indian,modi,2
indian,modiji,2
indian,asean,2
indian,tekka,4
indian,indian,4
indian,tamil,6
indian,lki,4
indian,commun,2
indian,pmlee,2
indian,malayale,2
indian,sgunit,2
indian,chines,10
indian,n also,2
indian,cni,4
lee pleas,front,2
lee pleas,antibody test kit,2
lee pleas,CB,2
lee pleas,US,2
lee pleas,eunos cres,2
govt & team &,icu,2
icu,sudesna roy chowdhuri,2
icu,circuitbreak,2
icu,#,2
icu,Pm,2
icu,the singapore govern,2
icu,china,2
icu,PM,2
icu,bangladesh,6
icu,sgunit,2
icu,bangladeshi,2
icu,bengali,2
U,lee thank,2
vaisakhi,instil,2
vaisakhi,may,2
vaisakhi,guru/,2
vaisakhi,pm lee hsien loong,2
vaisakhi,sikh,2
instil,may,2
instil,guru/,2
may,guru/,2
sarawakian,sarawakian,2
sarawakian,pm lee hl,2
sarawakian,china town centr,2
sarawakian,belinda ngai,2
pm mr lee,sangat,2
pm mr lee,singapura,2
pm mr lee,stand,2
pm mr lee,N,2
pm mr lee,muslim,4
pm mr lee,ramadhan,4
pm mr lee,pm mr,4
pm mr lee,pm mr lee,4
pm mr lee,sgunit,4
pm mr lee,pm mr heng,2
pm mr lee,halimah,2
pm mr lee,asean,2
pm mr lee,win,2
sangat,singapura,4
sangat,malaysia,2
sangat,uncle le,2
singapura,anda,2
singapura,singapura,2
singapura,rashid rosli gazali maria,4
singapura,tuan pm saya,2
singapura,saya,2
singapura,tuan pm,2
singapura,melayu ny,2
singapura,malaysia,4
singapura,uncle le,2
singapura,pm singapura,2
singapura,peraturan kawalan pergerakan,2
singapura,kami,2
singapura,pm lee pm le,2
singapura,bahasa kebangsaan singapura,2
singapura,malaysia & singapura,2
united n,india,2
united n,chin,2
bangladesh,huge &,2
bangladesh,love,2
bangladesh,lee mi,4
bangladesh,bangladesh,16
bangladesh,india,6
bangladesh,singapore govern,8
bangladesh,bangladesh worker’,2
bangladesh,the singaporean &,2
bangladesh,the singapore govern,2
bangladesh,bangladesh.th,2
bangladesh,you.w,2
bangladesh,congratulation &,2
bangladesh,human,2
bangladesh,llaha,6
bangladesh,singapore bangladesh,6
bangladesh,salut,2
bangladesh,the government of singapor,2
bangladesh,& frontlin,2
bangladesh,pm bangladesh,2
bangladesh,pm lee hsien loong!speci,2
bangladesh,& healthcar,2
bangladesh,gardner,2
bangladesh,#,2
bangladesh,east - toh guan,2
bangladesh,time,2
bangladesh,pm human,4
bangladesh,FW,2
bangladesh,CB,2
bangladesh,salute & respect,2
bangladesh,heartiest lov,2
bangladesh,generos,2
bangladesh,singapore rgds nadim,2
bangladesh,bangladesh singapor,2
bangladesh,lee hsien loong &,2
bangladesh,PM,4
bangladesh,lee hsien loong,2
bangladesh,bangladeshi,4
bangladesh,bengali,4
bangladesh,health,2
anda,anda,2
anda,terimakasih,2
lee hsien,salut,2
lee hsien,narendra modi,2
lee hsien,sad.pray,2
lee hsien,buddha,4
lee hsien,lee hsien,2
lee hsien,the f. work,2
lee hsien,bangladeshi,2
lee hsien,ilove singapor,2
amiirul may,ali baba,2
world health organisation ( who,pm lee singapor,2
lee hsien loong,entire singapor,2
lee hsien loong,malaysia,4
lee hsien loong,michaella bovolon brocchi,2
lee hsien loong,bangladeshi,8
lee hsien loong,narendra modi,2
lee hsien loong,leadership,2
lee hsien loong,singapore govern,2
lee hsien loong,franc,2
lee hsien loong,dearest,2
lee hsien loong,living the dream,2
lee hsien loong,lee kuan yew &,2
lee hsien loong,peaceful countri,2
lee hsien loong,prayforsingapor,2
lee hsien loong,the circuit break,2
lee hsien loong,lki,2
lee hsien loong,the singaporean & migr,2
lee hsien loong,worldi'm,2
lee hsien loong,mti,2
lee hsien loong,philippin,2
lee hsien loong,ofw,2
lee hsien loong,godbless,2
lee hsien loong,CB,2
lee hsien loong,yay,2
lee hsien loong,india,2
lee hsien loong,vernon,2
lee hsien loong,str0ng,2
lee hsien loong,#,2
lee hsien loong,czechoslovakia,2
lee hsien loong,PM,4
lee hsien loong,pm mr,2
lee hsien loong,GE,2
lee hsien loong,singaporean par,2
lee hsien loong,suppos,2
lee hsien loong,blessings stay,2
lee hsien loong,their cpf payment deferred to the age of,2
lee hsien loong,the best country in the world,2
lee hsien loong,singapore should b,2
lee hsien loong,lee kuan yew,2
lee hsien loong,punjabi’,2
lee hsien loong,parveen gandhi,2
lee hsien loong,thumb,2
lee hsien loong,singapore singapor,2
lee hsien loong,love,2
lee hsien loong,singaporeboleh,2
india,modi,2
india,india,20
india,islam,2
india,tablighi jamaat,2
india,covi,2
india,nai hello le,2
india,blessed countri,2
india,nice post,4
india,jeffrey ng,4
india,kevin tan,2
india,corona,4
india,mumbai,2
india,the government agencies embassi,2
india,malaysia,2
india,indonesia,2
india,philippin,2
india,thailand,2
india,chines,2
india,taiwanes,2
india,narendra,2
india,lee pm,2
india,modiji,2
india,lockdown,2
india,sgunit,4
india,yay,2
india,singapore &,4
india,geylang,4
india,worker,2
india,PM,2
india,FW,2
india,CB,2
india,lki,2
india,n also,2
india,citizen,4
india,mfa singapor,4
india,singapore & india!,4
india,ballota condo,2
india,ft,2
pm lee hsein loong,prayer,2
knut wittkowski,klaus dietz,2
knut wittkowski,the department of biostatistics epidemiology and,2
knut wittkowski,the rockefeller university new york,2
klaus dietz,the department of biostatistics epidemiology and,2
klaus dietz,the rockefeller university new york,2
the department of biostatistics epidemiology and,the rockefeller university new york,2
lee singaporean,the unsinkable singapore ship,2
canada,america,2
canada,norway,2
canada,singapore airlin,2
canada,changi,2
canada,australia brunei,2
canada,indonesia,2
america,next,2
love,thumb,2
love,singapore singapor,2
love,malaysia,2
love,singaporeboleh,2
US,franc,2
US,the whole team,2
US,american,2
US,sons and daughters of singapor,2
US,healthy strong,2
US,UK,4
US,vietnam,6
US,china,2
US,guam,2
US,globalunit,2
US,australia,2
US,US,2
US,pm & hi,2
US,team &,2
US,& stay hom,2
US,maid,2
US,mrt,2
US,I.,2
US,CB,2
US,south korea,2
US,sg unit,2
franc,kidney liver heart,2
franc,malaria,6
franc,sweet,2
franc,usa,2
kamxia,wish,2
kamxia,mask,4
wish,mask,4
mask,mask,4
mask,save,2
mask,greatly bless,2
mask,highlight,2
mask,woodland waterfront,2
mask,hahaha,2
mask,the singapore public transport,4
mask,without wear,4
mask,data &,2
mask,ccb,2
mask,world,2
mask,lift,2
mask,trains and st,2
mask,6),2
mask,hurt each other  ,2
mask,mutual interact,2
mask,southend west sid,2
mask,park,2
pm lee w,sgunit,2
sgunit,healthy keep,2
sgunit,jia you singapor,2
sgunit,post-covid singapor,2
sgunit,asian,2
sgunit,wfh,2
sgunit,hbl,2
sgunit,whahahahaha,2
sgunit,march2020,2
sgunit,nea,2
sgunit,kepperelectr,2
sgunit,globalon,2
sgunit,lee appreci,2
sgunit,stay home stay,2
sgunit,keep,2
sgunit,pmlee,2
sgunit,malayale,2
sgunit,muslim,2
sgunit,ramadhan,4
sgunit,pm mr,2
sgunit,thailand,2
sgunit,bangkok,2
sgunit,Ho,2
sgunit,marketplac,2
sgunit,singaporea,2
sgunit,terimaksih tuan,2
sgunit,islam singapura,2
sgunit,aidilfitri,2
sgunit,thank,2
sgunit,sheng siong,2
sgunit,CB,2
sgunit,jia,2
sgunit,glad,2
sgunit,&,4
sgunit,lee minist,2
bangladeshi,bangladeshi,2
bangladeshi,ilove singapor,2
bangladeshi,pm lee hsien loong,2
bangladeshi,singaporew,2
bangladeshi,regard,2
bangladeshi,bengali,2
schweizer,rachel,2
malaysia,lee kuan yew,2
malaysia,singapore singapor,4
malaysia,salam ramadhan,4
malaysia,muslim,2
malaysia,baguslah,2
malaysia,indonesia,2
malaysia,philippin,4
malaysia,thailand,4
malaysia,chines,2
malaysia,taiwanes,2
malaysia,movement control,2
malaysia,prime,2
malaysia,malaysia,18
malaysia,mco,8
malaysia,malaysian,8
malaysia,causeway,2
malaysia,thk,2
malaysia,uncle le,2
malaysia,super,2
malaysia,mustafa,2
malaysia,wahai,8
malaysia,pm singapura,8
malaysia,Pm,8
malaysia,CB,2
malaysia,salut,2
malaysia,penang,2
malaysia,semoga singapura,2
malaysia,kami,2
malaysia,bahru,2
malaysia,china,2
malaysia,thumb,2
malaysia,singaporeboleh,2
modi,the singapore police ministri,2
modi,the medical depart,2
modi,great leaders - pm,2
new zealand,australian,2
new zealand,national servic,2
new zealand,singapore & th,2
new zealand,australia,2
new zealand,melbourn,2
new zealand,NZ,2
new zealand,auckland,2
new zealand,pope fr,2
new zealand,european union oic united states canada,2
new zealand,china,2
new zealand,south asian,2
new zealand,bangladesh india,2
new zealand,pakistan,2
new zealand,sri lanka,2
new zealand,indonesia,2
new zealand,newzealand,2
singapore & singaporean,vitamin c & suppl,2
front,philippin,2
front,majula singapura,2
front,first respond,2
lee kuan yew,god bless singapor,2
lee kuan yew,cheers singapor,2
lee kuan yew,lee kuan yew,2
lee kuan yew,the best country in the world,2
lee kuan yew,singapore should b,2
australian,national servic,2
tamil malayale,bless,2
bless,lee hsien loongdo,2
bless,god bless,2
bless,bangladeshi work,2
bless,the medical team,2
bless,flying colour,2
bless,great team efforts decisive plan,2
bless,PM,2
bless,#,2
bless,salute u,2
bless,beloved pm,2
bless,superb bahasa,2
bless,sporean,2
bless,world class healthcar,2
bless,highli,2
bless,sg-united n,2
bless,Hv,2
#,peru,2
#,sudesna roy chowdhuri,2
#,circuitbreak,2
#,national environment ag,2
#,nea,2
#,ministry of health singapor,2
#,PM,2
#,str0ng,2
#,#,2
#,blessed good,2
ntu,nu,4
ntu,smu,4
ntu,changi airport,4
ntu,geylang,4
nu,smu,4
nu,changi airport,4
nu,geylang,4
smu,changi airport,4
smu,geylang,4
changi airport,geylang,4
changi airport,CB,2
changi airport,changi,2
changi airport,changi airport,2
geylang,geylang,2
geylang,worker,4
easter,blessed good,4
easter,christian,4
easter,blessed east,2
jia,pmlee,4
jia,jia,4
jia,sg unit,2
PM,CB,2
PM,taman jurong camp,2
PM,the artillery unit,2
PM,sin,2
PM,kuala lumpur,2
PM,p.s.,2
PM,czechoslovakia,2
PM,modiji,2
PM,inshaallah,2
PM,love &,2
PM,sco,2
best effort,drs nurses healthcarelines & embassador,2
muslim,nation,2
muslim,hole,2
muslim,ramadhan,16
muslim,ramadan kareem n,2
muslim,salam ramadhan,2
muslim,cambodia,2
muslim,pm assalamu,2
muslim,mosqu,6
muslim,the singapore govern,2
muslim,bengali,2
muslim,selamat menyambut bulan ramadhan,2
muslim,pm mr,2
muslim,singapore muslim,2
muslim,pm lee hsian loong,2
muslim,hoo haa,2
muslim,hdb,4
muslim,ramadhan &,2
muslim,& cb,2
muslim,ramadan mubarak,4
muslim,muslim,6
muslim,ramadhan al-mubarak,2
nation,hole,2
nation,cabinet,2
nation,dad lee kuan yew,2
lta,CB,4
lta,FW,2
lta,lee lta,2
lta,the circuit break,2
CB,changi,2
CB,antibody test kit,2
CB,hdb,8
CB,eye,2
CB,’s,2
CB,CB,20
CB,ccb,2
CB,sporean,2
CB,mrt &,4
CB,phv,2
CB,mpa,2
CB,mti,4
CB,mrt,2
CB,healthy andstrong,2
CB,sg unit,6
CB,dormitori,2
CB,lee hl,2
CB,netherland,2
CB,lhl.respect,2
CB,wfh,4
CB,hbl,2
CB,pioneer,2
CB,fw dormitori,2
CB,starhub,2
CB,don,2
CB,selfish,2
CB,sheng siong,2
CB,the fw dorms n quart,2
CB,insyaallah,2
CB,count on me singapore & stand,2
CB,FW,2
CB,tbh,2
CB,& fw,4
CB,united singapor,2
CB,asean,2
CB,gov,2
CB,bca,6
CB,south korea,2
CB,RC,4
japan,hong kong,2
japan,australia,2
japan,the straits tim,2
japan,the singapore turf club,2
japan,china,4
japan,trump,4
japan,japan,2
japan,asean,6
japan,korea,6
hong kong,australia,2
hong kong,the straits tim,2
hong kong,the singapore turf club,2
hong kong,park connector network,2
hong kong,china,2
hong kong,vietnam,2
hong kong,howeverit,4
hong kong,hong kong,2
australia,the straits tim,2
australia,the singapore turf club,2
australia,singapore & th,2
australia,melbourn,2
australia,the premium brand,2
australia,UK,2
australia,the social distanc,2
australia,alex tan,2
the straits tim,the singapore turf club,2
trump,UK,2
trump,china,4
trump,trump,2
trump,robin,2
trump,strong stay hom,2
UK,the task forc,2
UK,UK,2
UK,china,4
UK,gmt,2
UK,glad,2
hockey,mdm annabel,2
hockey,rsvp,2
mdm annabel,rsvp,2
vl veronise limev,yingvianvian lim,2
please leav,carpet sweep,2
please leav,cpf,2
please leav,breakthrough,2
carpet sweep,cpf,2
carpet sweep,breakthrough,2
cpf,breakthrough,2
cpf,social servic,2
singapore pm,inshaallah,2
Sg,mco,2
Sg,wowww,2
Sg,usa,2
Sg,Sg,2
Sg,lee n,2
Sg,mtf,2
Sg,qatar,2
Sg,mm lee,2
covid,bmt,2
covid,the ministry of def,2
covid,sc,2
covid,oc,2
covid,cnn,4
covid,manila,2
covid,msc,2
bmt,the ministry of def,2
bmt,sc,2
bmt,oc,2
the ministry of def,sc,2
the ministry of def,oc,2
sc,oc,2
the singapore police ministri,the medical depart,2
maid,maid,20
maid,pm & hi,2
maid,team &,2
maid,& stay hom,2
philippin,majula singapura,2
philippin,indonesia,2
philippin,thailand,2
philippin,chines,2
philippin,taiwanes,2
philippin,pm lee',2
philippin,sigaporean,2
philippin,pina,2
philippin,presidenteonli,2
philippin,philippin,2
philippin,dutert,4
philippin,draconian,2
philippin,u pm le,2
philippin,singapore     ,2
hari raya,beatl,2
hari raya,kalau,2
smartcovid,thedishonor,2
wow,singapore gvt &,2
wilson goh,qishun lim,2
malaysian,penang,2
malaysian,malay,6
malaysian,chines,2
malaysian,pm lee hsien loong,4
malaysian,malaysian,12
malaysian,causeway,2
malaysian,good bahasa,6
malaysian,super,2
malaysian,ketua negara,2
great,dubai,4
great,stay strong singapor,2
great,#proudofwwife vash huelar,2
great,bangladesh &,2
dubai,dubai,4
sana,president,2
sana,pilipina,2
president,pilipina,2
Pm,lee pl,2
Pm,the singapore govern,2
Pm,you.thi,2
Pm,wahai,2
Pm,pm singapura,4
sirpleas,I.,2
I.,mrt,2
salut,narendra modi,2
salut,glad,2
salut,bahasa,2
salut,mendengar,2
salut,indonesia,2
salut,pm modi,2
salut,pm mr,2
salut,pm lee hsien loong,2
salut,keep safe wear mask,2
salut,global,2
salut,pm lee awesom,2
salut,sia,2
salut,you.real,2
spreadkind,the blessing and healing force',2
spreadkind,be,2
the blessing and healing force',be,2
stay hom,team &,2
stay hom,& everyone.(who,2
stay hom,& easter,2
stay hom,lockdown,2
stay hom,UP,2
stay hom,children,2
stay hom,the foreign work,2
singapore & th,melbourn,2
colombian,colombian,2
smrt,mr shandran,2
smrt,pathlighr school,2
smrt,engin,2
smrt,smrt,2
mr shandran,pathlighr school,2
vitamin c & suppl,pm lee &,2
vitamin c & suppl,singapore &,4
cib,rethink https://markets.businessinsider.com/news/stocks/cib-corporation-suggests-to-establish-anti-panic-commodities-trading-floor-during-the-covid-19-pandemic-1029002567,4
cib,model viet nam,2
cib,rethink,4
tuan perdana menteri,saya,4
tuan perdana menteri,tuan,4
tuan perdana menteri,rumah.kerana,4
saya,tuan,4
saya,rumah.kerana,4
saya,tuan pm saya,2
saya,tuan pm,2
tuan,rumah.kerana,4
countri,usa,2
singapore singapor,thumb,2
singapore singapor,singaporeboleh,2
singapore govern,bangladesh worker’,2
singapore govern,the singaporean &,2
singapore govern,the singapore govern,2
singapore govern,congratulation &,2
singapore govern,human,2
singapore govern,nandri,2
singapore govern,pm lhl,4
singapore govern,lee hsien long,2
singapore govern,honor,2
singapore govern,indonesian professional engineer associ,2
bangladesh worker’,the singaporean &,2
bangladesh worker’,the singapore govern,2
the singaporean &,the singapore govern,2
the singapore govern,bengali,2
the singapore govern,the foreign work,4
the singapore govern,madam teo mom,4
the singapore govern,the singapore govern,2
changi,norway,2
changi,singapore airlin,2
changi,tua,2
pm lee hl,china town centr,2
pm lee hl,belinda ngai,2
ramadhan,ramadhan,6
ramadhan,dua,4
ramadhan,ameen,4
ramadhan,j c & ,2
ramadhan,pm mr,2
ramadhan,ramadhan mubarak,4
ramadhan,mosqu,4
ramadhan,terimaksih tuan,2
ramadhan,islam singapura,2
ramadhan,aidilfitri,2
ramadhan,macdonald,2
sikh malayale,bengali,2
pm lee hsien loong,sikh,2
pm lee hsien loong,thailand,2
pm lee hsien loong,antipolo philippin,2
pm lee hsien loong,hdb,2
pm lee hsien loong,heng swee keat,2
pm lee hsien loong,the emerging stronger taskforc,2
honour,lhl,2
lhl,& u,2
lhl,lockdown,2
lhl,hous,2
lhl,kmu,2
lhl,who,2
lhl,nicholas loh,2
pray,wisdom,2
pray,spura,4
pray,myanmar,2
wisdom,spura,4
spura,spura,2
lki,sungei tengah,2
lki,team,2
lki,tamil,4
lki,commun,2
lki,n also,2
lki,british,2
lki,arnold j. toynbe,2
chain,only as strong a,2
RC,RC,2
world,wuhan,2
world,china,2
world,yem haslii,2
world,lift,2
world,trains and st,2
world,6),2
world,allway,2
wuhan,china,16
wuhan,chines,6
wuhan,wuhan,2
wuhan,wechat,4
wuhan,polyclin,2
wuhan,phpc,2
wuhan,wuhan hubei,2
wuhan,asymptomat,2
china,park,2
china,china,30
china,sandy le,2
china,united nations of singapor,2
china,don,2
china,park connector network,2
china,vietnam,2
china,social credit system,2
china,learn,2
china,lantau,2
china,xinfeng counti,4
china,geylang serai,2
china,japan korea,2
china,polyclin,2
china,phpc,2
china,who,8
china,corona,12
china,pope fr,2
china,european union oic united states canada,2
china,south asian,2
china,bangladesh india,2
china,pakistan,2
china,sri lanka,2
china,lee mask,2
china,asean,6
china,korea,2
china,usa 97k,2
china,eu au usa,2
china,ica,2
china,mom,2
china,usa,2
china,Cu,2
china,straights tim,2
china,tcm,2
china,sandy lee’,2
china,wuhan hubei,6
china,asymptomat,6
NZ,breaker,2
NZ,keep singapore covid fre,2
NZ,media,2
NZ,NZ,12
NZ,singapore’,4
NZ,ppe,8
NZ,pm lee i’m,2
NZ,jacinda,2
breaker,keep singapore covid fre,2
hbl,moe,8
hbl,hbl,4
hbl,zoom,4
hbl,ftgp,2
hbl,wfh,6
hbl,whahahahaha,2
hbl,march2020,2
hbl,nea,2
hbl,kepperelectr,2
hbl,grab,2
hbl,asymptomatic carri,2
hbl,maggi,2
hbl,nlb,2
hbl,ri hci,4
moe,moe,2
moe,tuas bay drive sth,4
luno,netel,2
luno,skrill download,2
netel,skrill download,2
bangladesh.th,you.w,2
dancefit,4th aptil,2
dancefit,https://youtu.be/rf,2
4th aptil,https://youtu.be/rf,2
&mom &,&army &,2
Ji,lang,2
prime,the government of singapor,2
prime,deepli,2
prime,foreign migr,2
prime,sg armi,2
prime,borneo,2
prime,nafa,2
the government of singapor,the doctors nurses and healthcare team,2
glad,mustaffa,2
sporean,thks tuan pm,2
sporean,thk,2
sporean,solidar,2
sporean,sporean,2
sporean,sarah,2
sporean,salute u,2
sporean,beloved pm,2
sporean,superb bahasa,2
sporean,world class healthcar,2
sporean,highli,2
sporean,sg-united n,2
malay,chines,2
chines,lee hsien leong,2
chines,indonesia,2
chines,thailand,2
chines,taiwanes,2
chines,wechat,2
chines,wen i,2
chines,mandarin malay,2
chines,tamil,2
chines,joesepine teo,2
chines,mediacorp,2
chines,justice bao,2
chines,cni,4
chines,chines,2
sg unit,little red dot,2
sg unit,pm lee appreci,2
sg unit,super,2
sg unit,sudeshna,2
sg unit,team,2
sg unit,pm n,2
sg unit,all public service and civil servic,2
sg unit,south korea,2
phd,grab,2
inshallah,setiap,2
wfh,whahahahaha,2
wfh,march2020,2
wfh,nea,2
wfh,kepperelectr,2
wfh,wfh,4
wfh,now,2
wfh,budget,2
wfh,singaporean nurs,2
ogi,SE,2
name card,each house hold unit,2
name card,shops / oth,2
each house hold unit,shops / oth,2
nea,whahahahaha,2
nea,march2020,2
nea,kepperelectr,2
nea,ground,2
nea,old aunti,2
nea,national environment ag,2
nea,ministry of health singapor,2
nea,tanglin halt,2
nea,nasi brani,2
nea,singapore singaporean pr work,2
popular bookstor,challeng,2
islam,tablighi jamaat,2
islam,covi,2
tablighi jamaat,covi,2
covid 19.big,amituofo,2
amituofo,singaporeans.w,2
pmlee,malayale,2
zermatt,’s,2
zermatt,switzerland &,2
team &,& everyone.(who,2
team &,& easter,2
team &,pm & hi,2
team &,& stay hom,2
& everyone.(who,& easter,2
p. s. hope,ndp,2
ndp,grace,2
ndp,local artiste - liang wen fu,2
ndp,GE,2
vielen dank,schweiz,2
vielen dank,ihr,2
vielen dank,besten liebe gruesse eur,2
vielen dank,freundin,2
vielen dank,singapur,2
vielen dank,deutschland,2
schweiz,ihr,2
schweiz,besten liebe gruesse eur,2
schweiz,freundin,2
schweiz,singapur,2
schweiz,deutschland,2
ihr,besten liebe gruesse eur,2
ihr,freundin,2
ihr,singapur,2
ihr,deutschland,2
besten liebe gruesse eur,freundin,2
besten liebe gruesse eur,singapur,2
besten liebe gruesse eur,deutschland,2
freundin,singapur,2
freundin,deutschland,2
singapur,deutschland,2
modiji,asean,2
modiji,lee pm,2
modiji,lockdown,2
asean,summit,2
asean,nusantara,2
asean,singapo,2
asean,asean,8
asean,kiasuland,2
asean,bolehland,2
asean,indon & pinay,2
asean,korea,6
asean,lee kudo,2
asean,win,2
bahasa,mendengar,2
bahasa,indonesia,2
bahasa,mu pak pm,2
bahasa,katakan,2
bahasa,sumatra,2
bahasa,united asean,2
bahasa,wabah ini,2
mendengar,indonesia,2
indonesia,mari,2
indonesia,thailand,2
indonesia,taiwanes,2
indonesia,mr.prime,2
indonesia,tuhan yang,2
indonesia,marhaban,2
indonesia,perdana menteri,2
indonesia,australia brunei,2
indonesia,jakarta,2
’s,tolong,2
’s,netizen,2
’s,overcom,2
’s,raya deepavali,2
’s,xma,2
’s,rip,2
’s,multi-ministry taskforc,2
’s,sgrean,2
’s,styrofoam,2
’s,gov,2
sikh,bhaishaki,2
sikh,punjabi,2
leader,the united st,2
leader,cnn,2
the united st,mlb,2
the singapore favourit,dick le,2
dick le,cna,2
dick le,stephanie sun,2
dick le,kit chan,2
pm &,kind &,2
wong minist,gan,2
gan,prof mak,2
citizen,toler,2
citizen,mfa singapor,2
yaara shlomi,ram azura,2
yaara shlomi,chen danino,2
ram azura,chen danino,2
fmp,abigail cao,2
ofw,godbless,2
punggol,CC,2
punggol,sumang lan,2
punggol,&,2
CC,sumang lan,2
CC,&,2
CC,amk,2
CC,haaa,2
sumang lan,&,2
&,pm lee &,2
&,united & resil,2
sri lanka,ho ching awesom,2
sri lanka,the galle face hotel,2
sri lanka,pope fr,2
sri lanka,european union oic united states canada,2
sri lanka,south asian,2
sri lanka,bangladesh india,2
sri lanka,pakistan,2
sri lanka,love www.blueocean.lk,2
kaseh tuan pm lhl,kerajaan singapura,2
saf,ppe,2
saf,saf,2
saf,lee bless,2
ppe,lockdown,2
ppe,vitamin abcdef,2
ppe,singapore’,4
ppe,ppe,2
dutert,draconian,2
marlboro mint storm,ntuc,2
marlboro mint storm,sheng siong,2
ntuc,sheng siong,6
ntuc,bukit batok ntuc,2
ntuc,mrt,2
ntuc,division brigade battalion company platoon section team,2
ntuc,buddi,2
ntuc,foodcourt/hawker centre/market,2
ntuc,eod,2
ntuc,watsons whitesand,2
ntuc,mall,2
ntuc,hdb,2
ntuc,chill,2
ntuc,ntuc,2
ntuc,abc tian ma,2
ntuc,bukit timah plaza,2
sheng siong,abc tian ma,2
congratulation &,human,2
park,badminton,4
park,park,6
park,hdb,8
park,pcn,4
park,ppl,2
park,southend west sid,2
park,mrt,2
junta,vfc vote,2
junta,voteoutjuntapapig,2
vfc vote,voteoutjuntapapig,2
thailand,bangkok,4
thailand,thai,2
thailand,taiwanes,2
tamil,tamil,6
tamil,commun,4
tamil,tamilnadu india,4
tamil,mandarin malay,2
llaha,singapore bangladesh,2
sgian,cbm,2
taiwanes,taipei,2
taiwanes,s'poreans retire,2
taiwanes,spring wind,2
taiwanes,song,2
spain,trumpland,2
bangkok,thai,2
bangkok,lee lee hsien loong,2
thai,jeremy we,4
thai,thai,2
john roy,joy r. tolentinomatthew,2
nai hello le,blessed countri,2
understand,abdul khaliff,2
sincer,annabel,6
sincer,swha,2
annabel,annabel,6
annabel,swha,6
dua,ameen,2
the circuit break,moh,2
the circuit break,prayforsingapor,2
the circuit break,phv,2
the circuit break,the phv driv,2
the circuit break,lee lta,2
the circuit break,circut break,2
lee good even,table of protection efficiency for various types of mask,2
lee good even,albert low,2
table of protection efficiency for various types of mask,albert low,2
tuan le,suria,2
bill gat,PS,2
cnn,cnn,2
pm lee &,united & resil,2
pm lee &,thumb,2
pm lee &,singapore &,4
pm lee &,dorscon r,2
waukesha county conservancy',fountain pen happy earth day,2
novena,novena squar,6
novena,ministry of home affair,2
novena squar,novena squar,8
geylang international on fm 20,budget,2
budget,pm lee & the minist,2
budget,circuit,2
budget,singaporean nurs,2
FW,parliament,2
tuan pm saya,tuan pm,2
nyi naw,myat pann theint,2
pls take,nan chiau primary school,2
pls take,kfc hougang mal,2
nan chiau primary school,kfc hougang mal,2
pm lee & the minist,circuit,2
flying singapor,sgtogeth,2
chiong ntuc,mustafar,2
wear,social,2
wear,pleas,2
wear,zoo,2
wear,xia suay idiot,2
wear,pm lee stay,2
sweden,corona,2
corona,kevin tan,2
corona,religion,2
corona,topnev,2
corona,sam,2
corona,tdk,2
corona,tibet,2
corona,who,4
corona,corona,2
nice post,jeffrey ng,2
p.m lee,congratul,4
p.m lee,p.m lee,2
halal,vegetarian,2
greatly bless,highlight,2
greatly bless,woodland waterfront,2
highlight,woodland waterfront,2
taman jurong camp,the artillery unit,2
thk,thks tuan pm,2
thk,thk,2
gov,citizens &,2
gov,pm lee:,4
gov,spread,4
gov,phv,4
gov,gov,2
gov,wtf,2
N,mandy kwan,2
bhutan,bhutan,2
mumbai,the government agencies embassi,2
medical team,pm lee sg united  ,2
dearest,lee  ,8
dearest,sgunti,4
dearest,dearest,2
lee  ,sgunti,2
lee  ,share,2
kidney liver heart,malaria,6
kidney liver heart,sweet,2
kidney liver heart,usa,2
malaria,malaria,6
malaria,sweet,6
malaria,usa,6
sweet,usa,2
usa,the un hq,2
usa,UN,4
usa,geneva,2
usa,core,2
phv,phv,2
phv,ping,4
phv,the phv driv,2
phv,mrt &,4
phv,pm lee:,2
phv,spread,2
living the dream,lee kuan yew &,2
living the dream,peaceful countri,2
lee kuan yew &,peaceful countri,2
inshaallah,love &,2
virtual choir,voices of singapor,2
mco,bersedia,2
mco,malayan,2
hdb,eye,2
hdb,limit,2
hdb,mall,2
hdb,hp,4
hdb,hoo haa,4
hdb,ramadhan &,4
hdb,& cb,4
hdb,hdb,4
hdb,pcn,4
hdb,bca,6
mari,lee hl kami rakyat spore akan,2
mari,membasmi convid'19,2
mari,kita rakyat,2
mari,keluar rum,2
toa payoh,bukit,2
cambodia,taiwan overseas peace servic,6
cambodia,cambodia,6
GE,GE,8
GE,george yeo,2
delivery time slot,the management of fairpric,2
bhaishaki,punjabi,2
moh,the ministry of health,2
moh,mti,2
moh,abbott lab,2
moh,all saint's home (hougang,2
moh,govtech,4
moh,total swab,2
singaporean’,wp spass & epass,2
singaporean’,sg &,2
singaporean’,first &,2
christian,christian,6
virtual,indonesian,2
dormitori,#sgunut,2
the beautiful singapor,botan,2
the unity resili,solidarity budget,2
zoom,ftgp,4
zoom,zoom,2
sai tun,myat sai khaung,2
eng neo,sembawang,2
atti,r. i. p.,2
TF,TF,2
spl,european,4
spl,real madrid barca,2
spl,jackpot,2
smile &,pm leefor,2
korea,north korea,2
korea,south korea,2
north korea,south korea,2
south korea,canadian,2
south korea,south korean,2
south korea,south korea',2
yeh,swiss,2
healthcare hero,frontline hero,2
lee best,singapore/,2
lockdown,UP,2
lockdown,lee pm,2
lockdown,lockdown,2
lockdown,defer,2
lockdown,major,2
lockdown,vitamin abcdef,2
pm assalamu,mosqu,2
mosqu,ramadhan mubarak,2
mosqu,singapore muslim,2
mosqu,pm lee hsian loong,2
s'poreans retire,spring wind,2
s'poreans retire,song,2
spring wind,song,2
bluebird,hill,2
the almighty’,learn,2
bangladeshi work,the medical team,2
super,creator,2
jtc,easter weekend,2
don,selfish,2
melayu pm le,melayu,2
melayu pm le,syabas pm le,2
melayu pm le,malaysia & singapura,2
melayu,syabas pm le,2
melayu,malaysia & singapura,2
melayu,covid 19,2
syabas pm le,malaysia & singapura,2
malaysia & singapura,pm lee pm le,2
malaysia & singapura,bahasa kebangsaan singapura,2
whahahahaha,march2020,2
whahahahaha,kepperelectr,2
march2020,kepperelectr,2
bukit batok ntuc,mrt,2
mrt,spf,4
mrt,mrt,2
mrt,healthy andstrong,2
mrt,kaypoh,2
mrt,toa,2
mrt,bodyshop,2
mrt,donald trump,2
mrt,Xi,2
mrt,erp,2
vietnam,vietnam,8
vietnam,park connector network,2
vietnam,myanmar,2
pohela boishakh,Us,2
hahaha,vergara ganito,2
hahaha,yung,2
hahaha,kaya,2
hahaha,c. breaker,2
gulangyu,xiamen,4
gulangyu,gulangyu,2
lee blessed good,blessed east,2
blessed east,roman cathol,2
the singapore public transport,without wear,2
singaporenoth,superb gover,2
stay strong singapor,#proudofwwife vash huelar,2
sudesna roy chowdhuri,circuitbreak,2
govtech,government technology ag,2
govtech,ministry of health singapor,2
govtech,govtech,2
government technology ag,ministry of health singapor,2
ministry of health singapor,national environment ag,2
norway,singapore airlin,2
awesom,zero american,2
GD,p.m. lee,2
GD,genera,2
GD,g.e.,2
p.m. lee,genera,2
p.m. lee,g.e.,2
genera,g.e.,2
poila baishakh,indian bengali,2
poila baishakh,subho nababarsho,2
indian bengali,subho nababarsho,2
mti,abbott lab,2
ms annabel,ms anna pennefath,4
worker,honest,2
imho,lawerence wong,2
tolong,netizen,2
tolong,overcom,2
tolong,raya deepavali,2
tolong,xma,2
netizen,overcom,2
netizen,raya deepavali,2
netizen,xma,2
overcom,raya deepavali,2
overcom,xma,2
raya deepavali,xma,2
bedok reservoir,leo,2
mr.prime,tuhan yang,2
nicodemu,john 19:39 kjv - ind,2
nicodemu,thenna,2
nicodemu,sabbath,2
john 19:39 kjv - ind,thenna,2
john 19:39 kjv - ind,sabbath,2
thenna,sabbath,2
division brigade battalion company platoon section team,buddi,2
division brigade battalion company platoon section team,foodcourt/hawker centre/market,2
division brigade battalion company platoon section team,eod,2
buddi,foodcourt/hawker centre/market,2
buddi,eod,2
foodcourt/hawker centre/market,eod,2
pm lee',li shiwan,2
pm lee',lianh,2
pm lee',zao bao,2
200k,hawker,2
pm mr lee &,govt of singapor,2
nikhil hathiramani,karan parikh,2
wei j,yizhui tan zhiyong yang,2
wei j,ryan tan,2
yizhui tan zhiyong yang,ryan tan,2
bbi,bbi,2
sigaporean,pina,2
sigaporean,presidenteonli,2
pina,presidenteonli,2
stay home stay,keep,2
now,discipline of publ,2
lee minist,sg govern,2
the ministry of health,health,2
the ministry of health,staff,2
tcm,straights tim,2
tcm,tcm,2
bullionstar singapor,bullion,2
philip,colett,2
philip,ray,2
colett,ray,2
robin,strong stay hom,2
yishun,sengkang,2
kalangaatha,kaalam,2
kalangaatha,naliravu,2
kalangaatha,velli,2
kaalam,naliravu,2
kaalam,velli,2
naliravu,velli,2
vergara ganito,yung,2
vergara ganito,kaya,2
yung,kaya,2
the words stay home because alot,hous,2
bella aziz ismayanti mappiabang,pm singapor,2
religion,topnev,2
loss,trf,2
cho winnie’,honey organ,2
godbless,godspe,2
mustafa’,maxwel,2
mustafa’,keppel shipyard,2
maxwel,keppel shipyard,2
mrt &,mrt &,2
the un hq,UN,4
the un hq,geneva,2
the un hq,core,2
UN,geneva,4
UN,core,4
UN,UN,2
geneva,core,2
whatsapp,singapore police forc,2
boon lay,teban garden,2
auckland,angel lim chua,2
cni,dun,2
cni,stubborn,2
dun,we are sgunited & we can overcom,2
blue sea,nguyen anh,2
social distanc,forget to bring our people and our people's hearts togeth,2
multi ministerials taskforce &,frontline servic,2
multi ministerials taskforce &,pm lee & everyon,2
frontline servic,pm lee & everyon,2
speech,singpor,2
speech,speech,2
ica,ica,12
ica,mom,2
begitu,bahasa melayu terbaik pm singapura,2
begitu,sarawakmiri,2
bahasa melayu terbaik pm singapura,sarawakmiri,2
DO,jail,2
sirfor,humanity.w,2
flying colour,great team efforts decisive plan,2
kerstin,borig,2
who,usa 97k,2
who,sme,2
thumb,singaporeboleh,2
redha,amin,2
luckily you &,lee thank,2
sônia,janeri toledo,2
mustafa hanan mehboob,kuch,2
mustafa hanan mehboob,kia,2
mustafa hanan mehboob,imran,2
mustafa hanan mehboob,raha,2
kuch,kia,2
kuch,imran,2
kuch,raha,2
kia,imran,2
kia,raha,2
imran,raha,2
& grate,arubaw,2
& grate,united!,2
arubaw,united!,2
yew tee mrt st,passports races religion,2
npp,AC,2
doner,strong,2
mr lee & the team,insyaallah,2
vesak,without vesak,2
ho ching awesom,the galle face hotel,2
suggest fairpric,pioneer senior,2
singaporean pm lhl,new zealand pm,2
the ministry of healthi,f&b,2
f&b,f&b,2
f&b,carousel,4
f&b,supportloc,2
uae,EU,2
coronavirus,i.c.u,2
uk & america,calm,2
alan greenspan,acb,2
alan greenspan,wong kok,2
acb,wong kok,2
ST,sg total govt effort,2
nric,database?,2
nric,tues thurs& sat,2
taka,taka,2
kiasuland,bolehland,2
kiasuland,indon & pinay,2
bolehland,indon & pinay,2
india pm,appreciate india pm,2
cbd - circuit breaker day stay sg,tan,2
healthy pm,famili,2
health,staff,2
tdk,tibet,2
donald katigbakfredrik jose donaldcarla,milanesmaria,2
donald katigbakfredrik jose donaldcarla,cristina,2
milanesmaria,cristina,2
fame fortune and pow,wealth,2
Ho,marketplac,2
ray-ban,morozokoff,2
ray-ban,plaza singapura,2
morozokoff,plaza singapura,2
comfortingassur,corona viru,2
comfortingassur,hoax,2
comfortingassur,democrat,2
corona viru,hoax,2
corona viru,democrat,2
hoax,democrat,2
phpc,ncid,2
phpc,polyclin,2
lee highli,hime,2
lee w,minist,2
lee w,the medical heroes (doctors nurses and clean,2
minist,the medical heroes (doctors nurses and clean,2
andrew cuomo’,apex,2
kami,kami,2
sing govern,singapore canada,2
sing govern,alhamdulillah,2
singapore canada,alhamdulillah,2
cabinet,dad lee kuan yew,2
guam,globalunit,2
time,get.food,2
time,east - toh guan,2
model viet nam,rethink,2
terimaksih tuan,islam singapura,2
terimaksih tuan,aidilfitri,2
islam singapura,aidilfitri,2
ang moh kio,community centr,2
spr,hinterland,2
spr,citizens of singapor,2
hinterland,citizens of singapor,2
pm lee hsien loong!speci,& healthcar,2
hospit,clean,2
wahai,pm singapura,2
pm singapura,peraturan kawalan pergerakan,2
hau,mm lee,2
mm lee,mtf,2
mm lee,qatar,2
united singapor,teri,2
united singapor,tuan mentri,2
pm lee am proud,selamat malam,2
li shiwan,lianh,2
li shiwan,zao bao,2
lianh,zao bao,2
india &,india tamilnadu,2
singapore muslim,pm lee hsian loong,2
westerner polici,s. korea china,2
lee hl,netherland,2
netherland,abn amro bank,2
netherland,kindregard,2
sheila,hedy khoo,2
singapore &,singapore &,2
pm lee can,macritchie reservoir park,2
acacia hom,lingjack dormitori,2
acacia hom,alaunia lodg,2
acacia hom,hulett dormitori,2
acacia hom,woodlands lodg,2
acacia hom,woodlands lodge ii,2
acacia hom,senoko dr,2
acacia hom,senoko loop,2
lingjack dormitori,alaunia lodg,2
lingjack dormitori,hulett dormitori,2
lingjack dormitori,woodlands lodg,2
lingjack dormitori,woodlands lodge ii,2
lingjack dormitori,senoko dr,2
lingjack dormitori,senoko loop,2
alaunia lodg,hulett dormitori,2
alaunia lodg,woodlands lodg,2
alaunia lodg,woodlands lodge ii,2
alaunia lodg,senoko dr,2
alaunia lodg,senoko loop,2
hulett dormitori,woodlands lodg,2
hulett dormitori,woodlands lodge ii,2
hulett dormitori,senoko dr,2
hulett dormitori,senoko loop,2
woodlands lodg,woodlands lodge ii,2
woodlands lodg,senoko dr,2
woodlands lodg,senoko loop,2
woodlands lodge ii,senoko dr,2
woodlands lodge ii,senoko loop,2
senoko dr,senoko loop,2
carousel,carousel,2
carousel,supportloc,4
multi-ministry taskforc,sgrean,2
tanglin halt,nasi brani,2
pope fr,european union oic united states canada,2
pope fr,south asian,2
pope fr,bangladesh india,2
pope fr,pakistan,2
european union oic united states canada,south asian,2
european union oic united states canada,bangladesh india,2
european union oic united states canada,pakistan,2
south asian,bangladesh india,2
south asian,pakistan,2
bangladesh india,pakistan,2
hopecovid,ramadhan amiiiinnn,2
pwp,caus,2
mp,credit card,2
doa,tetap sehat kuat,2
doa,dlm,2
doa,semua yang,2
doa,menjadi,2
doa,god blessings  ,2
tetap sehat kuat,dlm,2
tetap sehat kuat,semua yang,2
tetap sehat kuat,menjadi,2
tetap sehat kuat,god blessings  ,2
dlm,semua yang,2
dlm,menjadi,2
dlm,god blessings  ,2
semua yang,menjadi,2
semua yang,god blessings  ,2
menjadi,god blessings  ,2
pm lee quit,covid.can,2
enforc,send clear sign,2
shengle lim can,andy khoo,2
amk,haaa,2
goh chok tong,lee kwan yew,2
whole bangladesh,sg honest,2
ministry of educ,ite,2
jem,westgat,2
u.s.,george gao,2
u.s.,the chinese center for disease control,2
george gao,the chinese center for disease control,2
7X,fairpric,2
7X,foc,2
fairpric,foc,2
heng,ministerial task forc,8
heng,lee fin,4
heng,heng,2
ministerial task forc,lee fin,4
ministerial task forc,ministerial task forc,2
starhub,singtel,4
vietnames,hanoi,2
vietnames,ho chi minh c,2
abn amro bank,kindregard,2
hp,hp,2
lee hl kami rakyat spore akan,membasmi convid'19,2
lee hl kami rakyat spore akan,kita rakyat,2
lee hl kami rakyat spore akan,keluar rum,2
membasmi convid'19,kita rakyat,2
membasmi convid'19,keluar rum,2
kita rakyat,keluar rum,2
mu pak pm,katakan,2
mu pak pm,sumatra,2
mu pak pm,united asean,2
mu pak pm,wabah ini,2
katakan,sumatra,2
katakan,united asean,2
katakan,wabah ini,2
sumatra,united asean,2
sumatra,wabah ini,2
united asean,wabah ini,2
kaypoh,toa,2
kaypoh,bodyshop,2
toa,bodyshop,2
pm lee bapak,segera,2
pm lee bapak,covid 19.salam,2
segera,covid 19.salam,2
singapore safe and strong,solidarity payment and employe,2
singapore safe and strong,the jobs support schem,2
solidarity payment and employe,the jobs support schem,2
cantones,teochew,2
braddel,potong pasir,2
hoo haa,ramadhan &,2
hoo haa,& cb,2
ramadhan &,& cb,2
pm mr heng,halimah,2
nafa,peace cent,2
nafa,emily park,2
nafa,long,2
peace cent,emily park,2
peace cent,long,2
emily park,long,2
cmpb,ippt,2
cmpb,DM,2
ippt,DM,2
french,german,2
brazil,julius ba,2
outbreak,azad shohel,2
social,pleas,2
defer,major,2
james legg,the four book,2
ntuc fair,bukit timah plaza,2
terima,perdana menteri,2
terima,semoga tuan,2
perdana menteri,semoga tuan,2
singaporean par,suppos,2
lift,trains and st,2
lift,6),2
trains and st,6),2
too.meet,get.w,2
tekong,nee soon,2
you.pm,lee great,2
hurt each other  ,mutual interact,2
gov't,gov't,2
all banks & fin,lai chong meng,2
all banks & fin,alan lai,2
lai chong meng,alan lai,2
salute & respect,heartiest lov,2
sia,dearsir/,4
sia,sia,2
zoo,xia suay idiot,2
u pm le,singapore     ,2
lee good afternoon,spread,2
spread,pm lee:,2
lee good morn,jen hotel,2
mtf,qatar,2
general publ,may singapore cross,2
china town centr,belinda ngai,2
mcdonald’,burger k,2
u sav,u sav,6
u sav,voucher,6
hidden carri,prevail,4
prevail,prevail,2
people's action parti,general elect,2
the temporary relief fund,kiv,2
takbiran,masjid,2
takbiran,aidulfitri,2
masjid,aidulfitri,2
& hv,Hv,2
yassin,mahathir,2
yassin,abdullah ahamad badawi,2
mahathir,abdullah ahamad badawi,2
hanoi,ho chi minh c,2
infocomm media development authority - imda,singtel,2
singtel,grouplier encloypedia $,2
singtel,delphin,2
singtel,diner,2
jerri azili long lim,rachel janic,2
screw,liao,2
screw,xia,2
liao,xia,2
european,european,2
european,real madrid barca,4
european,jackpot,4
real madrid barca,jackpot,2
singapore’s health care system,health care system,2
maggio capit,california,2
south korean,south korea',2
lawrence wong,kim yong,2
lawrence wong,jurong island,2
lawrence wong,gan kim,2
kim yong,jurong island,2
terima kasih,keperihatinan,2
terima kasih,pemerintah,2
keperihatinan,pemerintah,2
mediacorp,justice bao,2
straits tim,gov.sg,2
donald trump,Xi,2
african,mr lee god,2
pm lee pm le,bahasa kebangsaan singapura,2
carpet sweep population test,world confid,2
carpet sweep population test,island,2
carpet sweep population test,totally poss,2
world confid,island,2
world confid,totally poss,2
island,totally poss,2
kita sayang sama,kita  stay at home stay at,2
kkhushi,rima ghael suratwala,2
kkhushi,parekh,2
rima ghael suratwala,parekh,2
teri,tuan mentri,2
tagalog,lamok-19,2
grouplier encloypedia $,delphin,2
grouplier encloypedia $,diner,2
delphin,diner,2
clark,robertson quay,2
singaporean friend,keep safe singapor,2
convid-19,convid-19,6
the doctors nurses &,the healthcare work,2
tuas bay drive sth,tuas bay drive sth,2
pm lee i’m,jacinda,2
hau pei-tsu,the divine abod,2
ban,gather,2
heng swee keat,the emerging stronger taskforc,2
lianhe zaobao,tnp,2
coronaviru,coronaviru,2
krishnan &,rubini subramaniam - u,2
krishnan &,branch road,2
rubini subramaniam - u,branch road,2
the best country in the world,singapore should b,2
salute u,beloved pm,2
salute u,superb bahasa,2
salute u,world class healthcar,2
salute u,highli,2
salute u,sg-united n,2
beloved pm,superb bahasa,2
beloved pm,world class healthcar,2
beloved pm,highli,2
beloved pm,sg-united n,2
superb bahasa,world class healthcar,2
superb bahasa,highli,2
superb bahasa,sg-united n,2
world class healthcar,highli,2
world class healthcar,sg-united n,2
highli,sg-united n,2
wow stat,nigeria,2
pm & hi,& stay hom,2
sg armi,borneo,2
the hospitals ward,fine,2
lot,bangladeshi worker',2
the social distancing and stay at hom,unrelated family memb,2
the foreign work,madam teo mom,2
ntuc cold storag,redmart,2
ntuc cold storag,24hrs delivery servic,2
redmart,24hrs delivery servic,2
wp spass & epass,sg &,2
wp spass & epass,first &,2
sg &,first &,2
british,arnold j. toynbe,2
wala'fiat pm le,semua,2
kovan,hougang mal,2
a blessing countri,great nat,2
ballota condo,ft,2
punjabi’,parveen gandhi,2
vikrant g.,par vathi,2
pmthis mobil,name,2
pmthis mobil,virus,2
name,virus,2
boss,barnard tan cheow han,2
pm lee minist,gan minist,2
pm lee minist,wong,2
gan minist,wong,2
non-singaporean,non-singaporean,2
wuhan hubei,asymptomat,2
fdw,fdw,2
south carolina,michigan,2
bca,bca,6
cna,stephanie sun,2
cna,kit chan,2
stephanie sun,kit chan,2
sister island,pulau tekong,2
sister island,sentosa cov,2
pulau tekong,sentosa cov,2
