singaporean	0	ncid
singaporean	0	viru
singaporean	0	EP
singaporean	0	newcastl
singaporean	0	pap
singaporean	0	singapor
singaporean	0	stupid
singaporean	0	malaysian
singaporean	0	chinaporean
singaporean	0	china
singaporean	0	dirgahayu singapuraku
singaporean	0	majulah singapura
singaporean	0	singaporean
singaporean	0	remov
singaporean	0	mrt
singaporean	0	boss
singaporean	0	ep &
singaporean	0	ceca
singaporean	0	lol
singaporean	0	job
singaporean	0	taiwan
singaporean	0	new zealand
singaporean	0	covid19
ncid	0	viru
cambodia	0	cambodia
cambodia	0	china
cambodia	0	vietnam
china	0	vietnam
china	0	china
china	0	malaysian
china	0	chinaporean
china	0	Sg
china	0	itali
china	0	xjp
vietnam	0	singapor
vietnam	0	thailand
vietnam	0	myanmar
pm lee	0	singapor
pm lee	0	chin heng
pm lee	0	seah chin heng’
pm lee	0	god
pm lee	0	rip
pm lee	0	ngiam
singapor	0	pap
singapor	0	singapor
singapor	0	chin heng
singapor	0	seah
singapor	0	truli
singapor	0	best
singapor	0	dirgahayu singapuraku
singapor	0	majulah singapura
singapor	0	mahathir
singapor	0	abc
singapor	0	ryan
singapor	0	PM
singapor	0	lee curr
singapor	0	malaysian
singapor	0	hous
singapor	0	common
singapor	0	ep &
singapor	0	ceca
singapor	0	lee
singapor	0	ngiam tong dow
singapor	0	thailand
singapor	0	myanmar
singapor	0	deep condol
singapor	0	ngiam
singapor	0	rip mr ngiam
singapor	0	the people's action party’
singapor	0	rip
singapor	0	the national anthem
singapor	0	covid19
singapor	0	lee hsien loong
singapor	0	rainbow
singapor	0	parliament hous
singapor	0	owen
jackie chan police stori	0	hongkong forev
EP	0	EP
EP	0	SP
speak tamil	0	diabet
speak tamil	0	lockdown
speak tamil	0	batam
speak tamil	0	icu
speak tamil	0	organ
speak tamil	0	helping heart
diabet	0	lockdown
diabet	0	batam
diabet	0	icu
diabet	0	organ
diabet	0	helping heart
lockdown	0	batam
lockdown	0	icu
lockdown	0	organ
lockdown	0	helping heart
batam	0	icu
batam	0	organ
batam	0	helping heart
icu	0	organ
icu	0	helping heart
organ	0	helping heart
raeesah	0	Sg
Sg	0	itali
chin heng	0	seah chin heng’
chin heng	0	seah
chin heng	0	SG
chin heng	0	heartfelt
chin heng	0	the people's action party’
chin heng	0	deep condol
newcastl	0	blackburn
GE	0	parliament
GE	0	yishun st
GE	0	lee bee wah
GE	0	macpherson
GE	0	laid off
parliament	0	yishun st
parliament	0	lee bee wah
parliament	0	ho ch
yishun st	0	lee bee wah
nigel lim guan yu	0	remors
india	0	citibank
india	0	changi
india	0	prime
india	0	india
india	0	worker
citibank	0	changi
samdech hun sen	0	cambodian
mp	0	uncl
nasi dagang	0	malaysia
nasi dagang	0	kota bharu
malaysia	0	kota bharu
malaysia	0	malaysia
UK	0	US
US	0	n95
stupid	0	christian
malaysian	0	chinaporean
malaysian	0	PM
malaysian	0	lee curr
malaysian	0	hous
malaysian	0	common
todayonlin	0	chines
ngiam	0	rip
ngiam	0	ngiam
ngiam	0	deep condol
ngiam	0	rip mr ngiam
ngiam	0	ngiam tong dow
rip	0	ngiam tong dow
rip	0	ngiam tong dow  
rip	0	mrs ngiam
rip	0	deepest condol
young	0	cpf
japan	0	covid-19
japan	0	japan
japan	0	korea
japan	0	japanes
japan	0	abe
japan	0	shinzo ab
japan	0	saceo
japan	0	aloysius arlando
japan	0	edwin tong
japan	0	pm abe
covid-19	0	korea
covid-19	0	japanes
covid-19	0	abe
covid-19	0	german
korea	0	japanes
korea	0	abe
japanes	0	abe
japanes	0	abe shino
abe	0	posti'm
abe	0	willi'm
abe	0	godh
abe	0	war crim
rhino	0	rhino
dirgahayu singapuraku	0	majulah singapura
hdb	0	hdb
ngiam tong dow	0	mrs ngiam
ngiam tong dow	0	deepest condol
mrs ngiam	0	ngiam tong dow  
std	0	grc
lki	0	SG
lki	0	this - singapor
lki	0	benjamin shear
lki	0	cid
lki	0	winnie’
mrt	0	boss
PM	0	lee curr
PM	0	hous
PM	0	common
PM	0	PM
lee curr	0	hous
lee curr	0	common
hous	0	common
sweet	0	majulah
singapore police forc	0	buat singapura malu
ep &	0	ceca
saf	0	nsmen
saf	0	ns squar
nsmen	0	ns squar
ah heng	0	liverpool
shinzo ab	0	saceo
shinzo ab	0	aloysius arlando
shinzo ab	0	edwin tong
shinzo ab	0	prime
saceo	0	aloysius arlando
saceo	0	edwin tong
aloysius arlando	0	edwin tong
govt	0	govt
thailand	0	myanmar
thailand	0	thailand
loser	0	#
posti'm	0	willi'm
posti'm	0	godh
willi'm	0	godh
united st	0	baba
deep condol	0	rip mr ngiam
deep condol	0	the people's action party’
video	0	ong ye kung jamus nicol
lol	0	lol
amazing mdm	0	halimah
amazing mdm	0	meritocraci
amazing mdm	0	overcom
amazing mdm	0	faster
amazing mdm	0	think barcelona
halimah	0	meritocraci
halimah	0	overcom
halimah	0	faster
halimah	0	think barcelona
meritocraci	0	overcom
meritocraci	0	faster
meritocraci	0	think barcelona
overcom	0	faster
overcom	0	think barcelona
faster	0	think barcelona
lift	0	voiddeck
michelin	0	fakey
npark	0	nea
npark	0	geddit
nea	0	geddit
this - singapor	0	benjamin shear
this - singapor	0	cid
benjamin shear	0	cid
nudg	0	jalan bersah
sadly hong kong	0	hong kong'
sadly hong kong	0	xjp/ccp
sadly hong kong	0	hong kong
sadly hong kong	0	sino-british
sadly hong kong	0	deng xiaop
sadly hong kong	0	hong
hong kong'	0	xjp/ccp
hong kong'	0	hong kong
hong kong'	0	sino-british
hong kong'	0	hong kong'
hong kong'	0	deng xiaop
hong kong'	0	hong
xjp/ccp	0	hong kong
xjp/ccp	0	xjp/ccp
xjp/ccp	0	sino-british
xjp/ccp	0	deng xiaop
xjp/ccp	0	hong
xjp/ccp	0	marxist
hong kong	0	sino-british
hong kong	0	hong kong
hong kong	0	deng xiaop
hong kong	0	hong
hong kong	0	marxist
sino-british	0	deng xiaop
sino-british	0	hong
deng xiaop	0	hong
taiwan	0	new zealand
yawn	0	berlin
yawn	0	the reichstag building canberra'
yawn	0	great wall tapestri
yawn	0	wellington
yawn	0	tan chuan jin
berlin	0	the reichstag building canberra'
berlin	0	great wall tapestri
berlin	0	wellington
berlin	0	tan chuan jin
the reichstag building canberra'	0	great wall tapestri
the reichstag building canberra'	0	wellington
the reichstag building canberra'	0	tan chuan jin
great wall tapestri	0	wellington
great wall tapestri	0	tan chuan jin
wellington	0	tan chuan jin
lee hsien loong	0	rainbow
lee hsien loong	0	parliament hous
rainbow	0	parliament hous
success	0	miner
success	0	mrs patricia elizabeth
miner	0	mrs patricia elizabeth
singaporean’	1	great singapor
singaporean’	1	lki
singaporean’	1	singapor
singaporean’	1	pm lee
lee kuan yew	1	lee kuan yew
lee kuan yew	1	eric tan we
lee kuan yew	1	darth vad
lee kuan yew	1	singaporean
lee kuan yew	1	singapor
lee kuan yew	1	pm lee
lee kuan yew	1	may singapore prosper through tides and tim
lee kuan yew	1	japan korea
lee kuan yew	1	usa
lee kuan yew	1	great
lee kuan yew	1	lee kuan yew squar
lee kuan yew	1	lee
lee kuan yew	1	lee hsien loong
lee kuan yew	1	majulah singapura
lee kuan yew	1	sg50
lee kuan yew	1	honour
lee kuan yew	1	the memorial hal
lee kuan yew	1	time
eric tan we	1	darth vad
singaporean	1	blessed happy birthday singapor
singaporean	1	singapor
singaporean	1	singaporean
singaporean	1	ep & 
singaporean	1	ft
singaporean	1	lee hsien loong
singaporean	1	pap
singaporean	1	majullah singapura
singaporean	1	SG
singaporean	1	unit
singaporean	1	padang
singaporean	1	pm lee
singaporean	1	lee u
singaporean	1	pm mr lee
singaporean	1	bless
singaporean	1	birthday
singaporean	1	md azib
singaporean	1	hdb
singaporean	1	wanwisa s. wanwi
singaporean	1	co girls' brigad
singaporean	1	cathol
singaporean	1	rosalind
singaporean	1	ndp
singaporean	1	majulah singapura
singaporean	1	prou
singaporean	1	a big heart a
singaporean	1	lki
singaporean	1	lee kwan yew
singaporean	1	singapore national day
singaporean	1	indonesia &
singaporean	1	covid-idiot-citizen
singaporean	1	singlepor
singaporean	1	rainbow
singaporean	1	we love singapor
singaporean	1	flag
singaporean	1	majulah singapor
singaporean	1	mr lee
singaporean	1	covid-19
singaporean	1	parliament
singaporean	1	parliament hous
singaporean	1	halimah yacob
singaporean	1	cabinet
singaporean	1	better govern
singaporean	1	bhutan
singaporean	1	malaysia
singaporean	1	orchard road
singaporean	1	iphon
singaporean	1	macbook
singaporean	1	teo
singaporean	1	wah
singaporean	1	af & 4
singaporean	1	mdm halimah
singaporean	1	singapore &
singaporean	1	countri
singaporean	1	singaporecan
singaporean	1	enjoy
singaporean	1	govt god bless!
singaporean	1	clean & green
singaporean	1	my futur
singaporean	1	lee hsien lov
singaporean	1	&
singaporean	1	prudenc
singaporean	1	lee
singaporean	1	dearest mr
singaporean	1	red dot
singaporean	1	ofw
singaporean	1	heng
singaporean	1	ms halimah
singaporean	1	engin
singaporean	1	mbfc
singaporean	1	mrt
singaporean	1	pm lee hl
singaporean	1	orang
singaporean	1	indonesia
singaporean	1	dad
singaporean	1	japan
singaporean	1	GE
singaporean	1	harmony  
singaporean	1	govt
singaporean	1	singaporeanw
singaporean	1	healthy peac
singaporean	1	singapore happi
singaporean	1	yes.thank
singaporean	1	congratulations singapor
singaporean	1	great
singaporean	1	lee kuan yew squar
singaporean	1	jonathan cheah
singaporean	1	blessed happi
singaporean	1	spf share point forc
singaporean	1	madam
singaporean	1	p.m. lee kwan yew - greatest
singaporean	1	jakarta
singaporean	1	wto
singaporean	1	fcf
singaporean	1	the opposition parti
singaporean	1	sydney australia
singaporean	1	dpm heng
singaporean	1	singapore national day.also
singaporean	1	psp
singaporean	1	jeffrey khoo
singaporean	1	ge2020
singaporean	1	the pap govern
singaporean	1	singaporew
singaporean	1	sggod
singaporean	1	care
singaporean	1	onesingapor
singaporean	1	grace
singaporean	1	grace grac
singaporean	1	s.loong &
singaporean	1	financial plan
singaporean	1	china
singaporean	1	united national day
singaporean	1	realist
singaporean	1	rais
singaporean	1	sg50
singaporean	1	honour
singaporean	1	the memorial hal
singaporean	1	cambodia
singaporean	1	prime
singaporean	1	singaporeanshop
singaporean	1	southeast asian
singaporean	1	only singapor
singaporean	1	wp/sp/ep
singaporean	1	semua kita bersatu!
singaporean	1	lion citi
singaporean	1	success
singaporean	1	ms m indrane
singaporean	1	the leader of the opposition in parlia
singaporean	1	hous
singaporean	1	pmlee
singaporean	1	bangladesh
singaporean	1	lee hsien loong'
singaporean	1	pm lee hsien loong
singaporean	1	malaysian
singaporean	1	singlish
singaporean	1	pap parti
singaporean	1	pm lee - proud
singaporean	1	foreigner tal
singaporean	1	abe
singaporean	1	mr abe
singaporean	1	nu
singaporean	1	ntu
singaporean	1	siri
singaporean	1	bixbi
singaporean	1	nightingal
singaporean	1	island
singaporean	1	singapr
singaporean	1	US
singaporean	1	singapura
singaporean	1	awesom
singaporean	1	national servic
singaporean	1	cbd
singaporean	1	chines
singaporean	1	singaporean &
singaporean	1	ceca
singaporean	1	UK
singaporean	1	taiwan
singaporean	1	india
singaporean	1	contract
singaporean	1	jss
singaporean	1	salut
singaporean	1	clement ng
singaporean	1	true blu
singaporean	1	leave behind
singaporean	1	coloni
singaporean	1	japanes
singaporean	1	happy birthday & national day singapor
singaporean	1	czech
singaporean	1	warm blessings p. jayakumar
singaporean	1	pragu
singaporean	1	youth
singaporean	1	john chan
singaporean	1	batam
singaporean	1	sjngaporean
singaporean	1	the people’s action parti
singaporean	1	ho ch
singaporean	1	temasek
singaporean	1	day.veri
singaporean	1	singapore pm
&	1	swee keat
&	1	SG
&	1	EP
swee keat	1	pap govern
swee keat	1	lee hsien loong
singaporebest	1	singapor
singapor	1	paciano calamba c
singapor	1	mrt
singapor	1	majulah singapura
singapor	1	togethera
singapor	1	singapor
singapor	1	singapore salut
singapor	1	hapi big day
singapor	1	lee hsien loong
singapor	1	pap
singapor	1	majullah singapura
singapor	1	lee
singapor	1	pm mr lee
singapor	1	lee hsien
singapor	1	pm lee
singapor	1	japanes
singapor	1	abe shinzo
singapor	1	japan
singapor	1	sgcitizen
singapor	1	bless
singapor	1	birthday
singapor	1	& love lhl &
singapor	1	lki
singapor	1	militansi mengucapkan
singapor	1	th semoga
singapor	1	md azib
singapor	1	china
singapor	1	lol
singapor	1	lee good
singapor	1	pm abe
singapor	1	sri lanka
singapor	1	chaitri hapugal
singapor	1	pm lee veri
singapor	1	johnson joon
singapor	1	god
singapor	1	maldiv
singapor	1	bcz singapor
singapor	1	& others copi
singapor	1	hats off
singapor	1	singaporean majulah singapura
singapor	1	a big heart a
singapor	1	co-vid19
singapor	1	birthday singapor
singapor	1	lee kwan yew
singapor	1	singapore zoo
singapor	1	ensur
singapor	1	SG
singapor	1	india
singapor	1	sg unit
singapor	1	mr lee
singapor	1	lee good morn
singapor	1	singapore general hospit
singapor	1	cha
singapor	1	speedy recoveri
singapor	1	lhl
singapor	1	the birthday of singapor
singapor	1	amk
singapor	1	rainbow
singapor	1	we love singapor
singapor	1	respect singapor
singapor	1	super
singapor	1	parliament
singapor	1	parliament hous
singapor	1	halimah yacob
singapor	1	cabinet
singapor	1	better govern
singapor	1	ndp
singapor	1	sengkang
singapor	1	boh
singapor	1	singapura
singapor	1	honourable rest
singapor	1	harry lee kuan yew
singapor	1	the mobile column
singapor	1	sporean
singapor	1	#
singapor	1	hurrah
singapor	1	malaysia
singapor	1	leading of singapor
singapor	1	bangladesh
singapor	1	r.i.p
singapor	1	grandpa le
singapor	1	hope
singapor	1	blessed & prosper
singapor	1	the country of singapor
singapor	1	grace
singapor	1	seah
singapor	1	sembawang matime pte ltd.
singapor	1	PM
singapor	1	cambodia
singapor	1	harmoni
singapor	1	healthy too.with god'
singapor	1	immense bless
singapor	1	govt god bless!
singapor	1	clean & green
singapor	1	asean
singapor	1	EU
singapor	1	white
singapor	1	cdp
singapor	1	mbfc
singapor	1	pm lee please tak
singapor	1	#proud to be half filipino half american and
singapor	1	#majulah singapura
singapor	1	#fight against the corona virus!
singapor	1	rovielyn cardoza
singapor	1	national university hospit
singapor	1	nuh
singapor	1	prudenc
singapor	1	dearest mr
singapor	1	red dot
singapor	1	ofw
singapor	1	heng
singapor	1	ms halimah
singapor	1	rip
singapor	1	ns square a vision inspir
singapor	1	ns square com
singapor	1	crave color
singapor	1	grace ns squar
singapor	1	engin
singapor	1	nice
singapor	1	jayakumar
singapor	1	award
singapor	1	cambodia khmer roug
singapor	1	gold ridg
singapor	1	mercatus co-operative limit
singapor	1	ntuc
singapor	1	the singapore labour found
singapor	1	mercatu
singapor	1	nex
singapor	1	pim foreign invest
singapor	1	chines
singapor	1	cic
singapor	1	IG
singapor	1	singapore &
singapor	1	may singapore prosper through tides and tim
singapor	1	asian
singapor	1	covid 19
singapor	1	greenland
singapor	1	lee hsein loong
singapor	1	phillipine army task force sam
singapor	1	naomi neo
singapor	1	ft
singapor	1	GE
singapor	1	bring
singapor	1	singaporean      happi
singapor	1	sdg
singapor	1	ho ching happi
singapor	1	chalmers wong
singapor	1	marjulah singapura
singapor	1	ukrain
singapor	1	concur
singapor	1	ngiam tong dow
singapor	1	healthy peac
singapor	1	onward
singapor	1	great
singapor	1	lee kuan yew squar
singapor	1	salut
singapor	1	little red dot be blessed with many mor
singapor	1	loo
singapor	1	spf share point forc
singapor	1	madam
singapor	1	sb
singapor	1	spf
singapor	1	great administr
singapor	1	thai
singapor	1	time
singapor	1	pm mr
singapor	1	christine phong
singapor	1	cheng
singapor	1	lee &
singapor	1	righteous
singapor	1	indonesia
singapor	1	p.m. lee kwan yew - greatest
singapor	1	pm lee a
singapor	1	singapore united &
singapor	1	singapore love &
singapor	1	pm lee hsien loong
singapor	1	usa
singapor	1	the opposition parti
singapor	1	home
singapor	1	sian chay
singapor	1	majulah singapor
singapor	1	singapore maju
singapor	1	dpm heng
singapor	1	singapore national day.also
singapor	1	mr prata
singapor	1	the pap govern
singapor	1	wish & pray
singapor	1	majulah singapurah
singapor	1	US
singapor	1	esg
singapor	1	alchemy food
singapor	1	merced
singapor	1	bmw
singapor	1	grc
singapor	1	singaporean chines
singapor	1	australia
singapor	1	octogenarian
singapor	1	ndp2020
singapor	1	stand
singapor	1	lee madam
singapor	1	ho ching madam
singapor	1	blessed singapore grace grac
singapor	1	sharon ng
singapor	1	the singapore govern
singapor	1	covid-19
singapor	1	goodluck
singapor	1	leader
singapor	1	mr heng
singapor	1	care
singapor	1	onesingapor
singapor	1	grace grac
singapor	1	kim hong
singapor	1	nrg singapor
singapor	1	batam
singapor	1	busi
singapor	1	happy bless
singapor	1	ne flag
singapor	1	lee happi
singapor	1	s.loong &
singapor	1	majulah
singapor	1	pepper-crab
singapor	1	pm lee hl
singapor	1	flag
singapor	1	prime
singapor	1	sg50
singapor	1	honour
singapor	1	the memorial hal
singapor	1	a royal court
singapor	1	unit
singapor	1	ngiam
singapor	1	Li
singapor	1	religion
singapor	1	the order of temasek
singapor	1	ark
singapor	1	thai parlia
singapor	1	hdb
singapor	1	amin
singapor	1	lion citi
singapor	1	success
singapor	1	ms m indrane
singapor	1	the leader of the opposition in parlia
singapor	1	hous
singapor	1	09/08/2020 happy national day singapor
singapor	1	heartiest
singapor	1	robertson quay
singapor	1	pmlee
singapor	1	marcy amen
singapor	1	grey jedi
singapor	1	light
singapor	1	dark
singapor	1	lee hsien loong pm
singapor	1	changi
singapor	1	sentosa
singapor	1	masks)
singapor	1	lee hsien loong'
singapor	1	the supreme pow
singapor	1	pap parti
singapor	1	govt
singapor	1	pm lee & strong hop
singapor	1	foreigner tal
singapor	1	motegi toshimitsu
singapor	1	singapore happy national day
singapor	1	team
singapor	1	the great effort
singapor	1	the creator singapor
singapor	1	pm lee congratulations.okay
singapor	1	singapr
singapor	1	the seletar reservoir
singapor	1	awesom
singapor	1	pioneer
singapor	1	national servic
singapor	1	cbd
singapor	1	contributions to singapor
singapor	1	lifetim
singapor	1	pm-lhl spent
singapor	1	birthdaysingapor
singapor	1	truli
singapor	1	united color
singapor	1	sg n jb
singapor	1	ceca
singapor	1	UK
singapor	1	taiwan
singapor	1	their citizens of singapor
singapor	1	clement ng
singapor	1	epass
singapor	1	mycar
singapor	1	eid
singapor	1	joy - singapor
singapor	1	fta
singapor	1	alarie$
singapor	1	SC
singapor	1	philippin
singapor	1	maju
singapor	1	sg 55
singapor	1	halimah yaacob
singapor	1	race langaug
singapor	1	u.k.
singapor	1	czech
singapor	1	warm blessings p. jayakumar
singapor	1	pragu
singapor	1	sea
singapor	1	rip mr ngiam.
singapor	1	’s
singapor	1	new zealand
singapor	1	the awesome red dot!
singapor	1	royston
singapor	1	indonesian
singapor	1	retno marsudi
singapor	1	istana
singapor	1	mdm retno marsudi
singapor	1	@sg
singapor	1	opposit
singapor	1	uncle sam
singapor	1	sjngaporean
singapor	1	nurs
singapor	1	work
singapor	1	ns squar
singapor	1	nation’
singapor	1	singapore n
singapor	1	day.veri
singapor	1	singapore pm
singapor	1	employ
singapor	1	fool
singapor	1	the reality of seeking a job
singapor	1	lee hsien loong godbless
pm abe-san	1	pm lee
pm lee	1	SG
pm lee	1	unit
pm lee	1	padang
pm lee	1	pm lee
pm lee	1	nasi-lemak
pm lee	1	pap n
pm lee	1	wish abe san
pm lee	1	indonesia &
pm lee	1	parliament
pm lee	1	pm abe
pm lee	1	mr abe
pm lee	1	covid-19
pm lee	1	parliament hous
pm lee	1	halimah yacob
pm lee	1	cabinet
pm lee	1	better govern
pm lee	1	dpm heng
pm lee	1	abe
pm lee	1	abe san & japan
pm lee	1	filipino association of singapor
pm lee	1	jalan jalan
pm lee	1	stay healthy and happi
pm lee	1	god
pm lee	1	florence tan
pm lee	1	orang
pm lee	1	indonesia
pm lee	1	asean
pm lee	1	dad
pm lee	1	malaysia
pm lee	1	ah meng
pm lee	1	the singapore zoological gardens!
pm lee	1	jalanjalan pm le
pm lee	1	jeffrey ng
pm lee	1	zena
pm lee	1	japan
pm lee	1	Ng
pm lee	1	salut
pm lee	1	asean countri
pm lee	1	pm lee hsien loong
pm lee	1	awesom
pm lee	1	politician
pm lee	1	ndp2020
pm lee	1	philippin
pm lee	1	u n
pm lee	1	blessings singapor
pm lee	1	abe shinzo
pm lee	1	ark
pm lee	1	majullah singapura
pm lee	1	ndp
pm lee	1	healthy singaporean
pm lee	1	heartfelt
pm lee	1	red lion
pm lee	1	kababayan
pm lee	1	canada
pm lee	1	pap parti
pm lee	1	govt
pm lee	1	wish singapor
pm lee	1	lki
pm lee	1	team
pm lee	1	the great effort
pm lee	1	clement ng
pm lee	1	majulah singapura
pm lee	1	syaba
pm lee	1	singapura
pm lee	1	US
pm lee	1	sir
pm lee	1	the awesome red dot!
pm lee	1	bless
pm lee	1	nurses' day
pm lee	1	sjngaporean
pm lee	1	stand
pm lee	1	singaporean first
pm lee	1	belated happy birthday singapor
ep & spass	1	sporean
ep & spass	1	sgaporean
ep & spass	1	SG
sporean	1	lengkok bahru
sporean	1	buona
sporean	1	RC
sporean	1	the new rc centr
sporean	1	committe
sporean	1	block 55
sporean	1	ndp
sporean	1	the mobile column
sporean	1	EP
sporean	1	SP
sporean	1	govt
sporean	1	birthday singapor
sporean	1	lee hsien loong
sibei	1	changi
sibei	1	tua
changi	1	tua
changi	1	changi
changi	1	ceca
changi	1	tanjong
changi	1	seletar
changi	1	lol
changi	1	taipei
tua	1	taipei
mrt	1	majulah singapura
mrt	1	rusti
mrt	1	wd40
mrt	1	sb
mrt	1	lta
mrt	1	bulls**t
mrt	1	corona
mrt	1	labrador
majulah singapura	1	co girls' brigad
majulah singapura	1	cathol
majulah singapura	1	rosalind
majulah singapura	1	ndp
majulah singapura	1	padang
majulah singapura	1	prou
majulah singapura	1	lee kwan yew
majulah singapura	1	lee hsien loong
majulah singapura	1	sg unit
majulah singapura	1	honourable rest
majulah singapura	1	harry lee kuan yew
majulah singapura	1	PH
majulah singapura	1	sembawang matime pte ltd.
majulah singapura	1	harmony prosper
majulah singapura	1	pm lee hsien loong
majulah singapura	1	selamat menyambut
majulah singapura	1	singapura
majulah singapura	1	bring
majulah singapura	1	lee happi
majulah singapura	1	covid-19
majulah singapura	1	congratulations singapor
majulah singapura	1	lee w
majulah singapura	1	lee
majulah singapura	1	syaba
ceca	1	miw
ceca	1	tanjong
ceca	1	ft
ceca	1	sgrean
ceca	1	earn
ceca	1	citizen
ceca	1	UK
ceca	1	US
ceca	1	taiwan
ceca	1	india
togethera	1	lee hsien loong
togethera	1	singapura
SG	1	tacki
SG	1	liter
SG	1	red
SG	1	SG
SG	1	asean
SG	1	the fifa world cup
SG	1	unit
SG	1	padang
SG	1	sg unit
SG	1	lki
SG	1	sop jb
SG	1	u n famili
SG	1	lee
SG	1	NS
SG	1	US
SG	1	#proud to be half filipino half american and
SG	1	#majulah singapura
SG	1	#fight against the corona virus!
SG	1	heng
SG	1	ms halimah
SG	1	lee hsien loong
SG	1	pm mr lee sl
SG	1	sgunit
SG	1	longlivesg majulah singapura/onwards singapor
SG	1	woman
SG	1	salut
SG	1	asean countri
SG	1	indonesia
SG	1	jalan jalan
SG	1	esg
SG	1	alchemy food
SG	1	singaporew
SG	1	sggod
SG	1	first world n
SG	1	china
SG	1	meaningless
SG	1	ourselves & lov
SG	1	sgian
SG	1	singapore.i
SG	1	happy bless
SG	1	sgaporean
SG	1	coloni
SG	1	japanes
SG	1	congratulations sir &
SG	1	lhl
SG	1	brunei
SG	1	japan
SG	1	happy &
tacki	1	liter
tacki	1	red
tacki	1	asean
tacki	1	the fifa world cup
liter	1	red
liter	1	asean
liter	1	the fifa world cup
red	1	asean
red	1	the fifa world cup
asean	1	the fifa world cup
asean	1	EU
asean	1	indonesia
asean	1	sgp- vietnam
asean	1	asean chair
asean	1	vietnam
ep & 	1	ft
ft	1	GE
ft	1	sgrean
ft	1	earn
ft	1	citizen
rophi clinic'	1	leong hoe nam
rophi clinic'	1	asa
rophi clinic'	1	kevin cheong
leong hoe nam	1	asa
leong hoe nam	1	kevin cheong
asa	1	kevin cheong
aruba	1	lki
lki	1	& love lhl &
lki	1	s. jayakumar
lki	1	the order of temasek
lki	1	truli
lki	1	public service &
lki	1	lki
lki	1	nice
lki	1	padang
lki	1	japan
lki	1	aldi
lki	1	prime
lki	1	lhl
lki	1	jiayou pm
lki	1	team
lki	1	the great effort
lki	1	singapore yours sincer
lee hsien loong	1	pap
lee hsien loong	1	majullah singapura
lee hsien loong	1	bless
lee hsien loong	1	sg unit
lee hsien loong	1	maha buddha
lee hsien loong	1	parliament
lee hsien loong	1	first sit
lee hsien loong	1	singapura
lee hsien loong	1	cambodia
lee hsien loong	1	PM
lee hsien loong	1	pm mr
lee hsien loong	1	covid-19
lee hsien loong	1	lee
lee hsien loong	1	blessed happi
lee hsien loong	1	christine phong
lee hsien loong	1	cheng
lee hsien loong	1	pap govern
lee hsien loong	1	lee hsien loong majullah singapur
lee hsien loong	1	opposit
lee hsien loong	1	ms m indrane
lee hsien loong	1	the leader of the opposition in parlia
lee hsien loong	1	hous
lee hsien loong	1	birthday singapor
pap	1	majullah singapura
majullah singapura	1	homeland my life n my futur
majullah singapura	1	ark
majullah singapura	1	singaporean first
unit	1	padang
unit	1	sentosa
unit	1	stand
padang	1	co girls' brigad
padang	1	cathol
padang	1	rosalind
padang	1	ndp
padang	1	prou
padang	1	padang
border	1	sent
pedra branca	1	hagu
lee	1	Pm
lee	1	NS
lee	1	japan
lee	1	motegi toshimitsu
lee	1	lee
lee	1	salut
lee	1	indonesia
lee	1	vancouver canada
lee	1	the country of singapor
lee	1	grace
lee	1	seah
lee	1	rovielyn cardoza
lee	1	national university hospit
lee	1	nuh
lee	1	pm mr lee
lee	1	prudenc
lee	1	bliss
lee	1	U
lee	1	singapore day.stay
lee	1	philippin
lee	1	tan
lee	1	birthday
lee	1	singapura
lee	1	great
lee	1	lee kuan yew squar
lee	1	purpo
lee	1	great administr
lee	1	china
lee	1	ndp
lee	1	ceylones
lee	1	mi kenn
lee	1	rohan
lee	1	malaysia
lee	1	mr lee
lee	1	s.loong &
lee	1	best wish
lee	1	09/08/2020 happy national day singapor
lee	1	marcy amen
lee	1	bangladesh
lee	1	marin
lee	1	SC
lee	1	india
lee	1	sg 55
lee	1	UK
lee	1	czech
lee	1	warm blessings p. jayakumar
lee	1	pragu
lee	1	pm mr
lee	1	healthy  
pm mr lee	1	prudenc
pm mr lee	1	best wish
lengkok bahru	1	buona
lengkok bahru	1	RC
lengkok bahru	1	the new rc centr
lengkok bahru	1	committe
lengkok bahru	1	block 55
buona	1	RC
buona	1	the new rc centr
buona	1	committe
buona	1	block 55
RC	1	the new rc centr
RC	1	committe
RC	1	block 55
the new rc centr	1	committe
the new rc centr	1	block 55
committe	1	block 55
japanes	1	abe shinzo
japanes	1	japan
japanes	1	hurri
japanes	1	viru
japanes	1	coloni
japanes	1	john savuth yem
japanes	1	abe
japanes	1	japanes
japanes	1	cambodia
abe shinzo	1	japan
japan	1	lee good
japan	1	pm abe
japan	1	sri lanka
japan	1	chaitri hapugal
japan	1	lee hsien loog thank
japan	1	sino
japan	1	motegi toshimitsu
japan	1	salut
japan	1	mr abe san
japan	1	rome
japan	1	sk1940
japan	1	glad
japan	1	japan
japan	1	china
japan	1	usa
japan	1	hurri
japan	1	viru
japan	1	lee awesom
japan	1	pm-sa
japan	1	jap-s
japan	1	ask
bless	1	birthday
bless	1	mr lee
bless	1	happy bless
birthday	1	singapura
birthday	1	singapore maju
birthday	1	#
super	1	mr lee
super	1	lim chong
super	1	sim cheryl ng
mr lee	1	majulah singapor
mr lee	1	ndp
mr lee	1	’s
librari	1	librarian
librari	1	toa payoh
librarian	1	toa payoh
toa payoh	1	joshua le
toa payoh	1	toa payoh
toa payoh	1	yo g
lawrence wong	1	hougang
lawrence wong	1	ndp
hougang	1	ndp
hougang	1	singapore flag
ndp	1	co girls' brigad
ndp	1	cathol
ndp	1	rosalind
ndp	1	prou
ndp	1	los angel
ndp	1	india
ndp	1	ndp
ndp	1	noon
ndp	1	the mobile column
ndp	1	la singapura
ndp	1	ho ching happi
ndp	1	chalmers wong
ndp	1	marjulah singapura
ndp	1	chaitri hapugal
ndp	1	national dayi
ndp	1	the ndp organising committe
ndp	1	royston tan
ndp	1	care
ndp	1	singapore bravo
ndp	1	heartfelt
ndp	1	pm lee hsien loong
ndp	1	happy birthday singapor
ndp	1	ns squar
ndp	1	river hongbao
ndp	1	royston
ndp	1	’s
maha bodhi enlightened maha buddha triple gem	1	blessings to honourable pm
maha bodhi enlightened maha buddha triple gem	1	progressive singapor
blessings to honourable pm	1	progressive singapor
militansi mengucapkan	1	th semoga
spf	1	usa
spf	1	saf
usa	1	japan korea
usa	1	china
usa	1	usa
usa	1	india
rice	1	rice
china	1	lol
china	1	india
china	1	US
china	1	china
china	1	covid-19
china	1	indonesia
china	1	SC
china	1	philippin
lol	1	seletar
lol	1	ck leow
lol	1	kanna
lol	1	zheng
merced	1	lamborghini
merced	1	bugatti
merced	1	bmw
lamborghini	1	toyota
lamborghini	1	ferrari
lamborghini	1	bugatti
lamborghini	1	lembu -gini  
lamborghini	1	muhammad messenger s.a.w. peace be upon him glorious holy book
lamborghini	1	islam
lamborghini	1	non muslim
lamborghini	1	a rolls royc
lee good	1	pm abe
lee good	1	sri lanka
lee good	1	chaitri hapugal
pm abe	1	sri lanka
pm abe	1	chaitri hapugal
pm abe	1	mr abe
pm abe	1	nathan
pm abe	1	pm lee hsien long
pm abe	1	the blessing and healing force'
pm abe	1	speedy recoveri
sri lanka	1	chaitri hapugal
chaitri hapugal	1	ho ching happi
chaitri hapugal	1	chalmers wong
chaitri hapugal	1	marjulah singapura
chaitri hapugal	1	lee awesom
pm lee veri	1	johnson joon
god	1	sg unit
god	1	cheer
god	1	abe-san
god	1	macpherson
hdb	1	mcpherson
hdb	1	tiong bahru
hdb	1	guoco tow
hdb	1	bubbagump &
hdb	1	500k
hdb	1	revert
hdb	1	hdb
hdb	1	bto
hdb	1	wow
hdb	1	ep & s pass
maldiv	1	indo pacif
employ	1	smart
employ	1	fool
employ	1	the reality of seeking a job
employ	1	employ
smart	1	EP
smart	1	SP
smart	1	sgprn
smart	1	levi
ssu	1	amk
ssu	1	ssu
amk	1	amk
amk	1	best wish
amk	1	havea beauti
amk	1	fernval
& others copi	1	hats off
dearest	1	lee  
pareng james quiniano	1	patricia espinosa pelaez
pareng james quiniano	1	darl
patricia espinosa pelaez	1	darl
co girls' brigad	1	cathol
co girls' brigad	1	rosalind
co girls' brigad	1	prou
cathol	1	rosalind
cathol	1	prou
rosalind	1	prou
mari	1	singapura
mari	1	mari
mari	1	semua
mari	1	majulah singapura majulah singapura
mari	1	lovely country singapore #
singapura	1	singapura
singapura	1	semua
singapura	1	majulah singapura majulah singapura
singapura	1	lovely country singapore #
singapura	1	selamat menyambut
singapura	1	indonesia
singapura	1	majulah singapor
singapura	1	malaysian
singapura	1	tempat ns squar
singapura	1	saya
singapura	1	ns squar
singapura	1	selamat pagi
singapura	1	fr tampin
singapura	1	malaysia
singapura	1	anda
singapura	1	singapura selamat
singapura	1	US
singapura	1	syaba
semua	1	majulah singapura majulah singapura
semua	1	lovely country singapore #
semua	1	majulah singapura mari
semua	1	singapura sama
semua	1	cita-cita kita
semua	1	berjaya singapura marilah
semua	1	dengan
majulah singapura majulah singapura	1	lovely country singapore #
majulah singapura majulah singapura	1	majulah singapura mari
majulah singapura majulah singapura	1	singapura sama
majulah singapura majulah singapura	1	cita-cita kita
majulah singapura majulah singapura	1	berjaya singapura marilah
majulah singapura majulah singapura	1	dengan
ensur	1	EP
shellmobil	1	exxon
exxon	1	US
india	1	land???dont
india	1	indonesia
india	1	nagaon
india	1	philippin
india	1	russia
india	1	UK
india	1	US
india	1	taiwan
india	1	SC
s. jayakumar	1	the order of temasek
s. jayakumar	1	truli
s. jayakumar	1	public service &
the order of temasek	1	truli
the order of temasek	1	public service &
the order of temasek	1	jayakumar
truli	1	public service &
keane woo	1	joseph ong theluckyguy
keane woo	1	joseph muhammad zulhelmi
keane woo	1	li gregori
keane woo	1	goh liam chan
joseph ong theluckyguy	1	joseph muhammad zulhelmi
joseph ong theluckyguy	1	li gregori
joseph ong theluckyguy	1	goh liam chan
joseph muhammad zulhelmi	1	li gregori
joseph muhammad zulhelmi	1	goh liam chan
li gregori	1	goh liam chan
covid-idiot-citizen	1	singlepor
lee good morn	1	singapore general hospit
lee good morn	1	cha
singapore general hospit	1	cha
speedy recoveri	1	the blessing and healing force'
parliament	1	maha buddha
parliament	1	first sit
parliament	1	parliament hous
parliament	1	halimah yacob
parliament	1	cabinet
parliament	1	better govern
parliament	1	cna
parliament	1	asian
parliament	1	cambodia
parliament	1	eric chua
parliament	1	parliament
parliament	1	best wish
parliament	1	istana tour
parliament	1	pm mr
parliament	1	parliament of singapor
parliament	1	hous
lhl	1	the birthday of singapor
lhl	1	jiayou pm
lhl	1	congratulations sir &
tin pei l	1	macpherson
macpherson	1	mummy pei l
macpherson	1	macpherson
macpherson	1	tanjong pagar
macpherson	1	nicole seah @
macpherson	1	smc
mr abe	1	abe
tiong bahru	1	locat
flag	1	pm lee hl
pulau ubin	1	syazwan
pulau ubin	1	ubin
syazwan	1	ubin
maha buddha	1	first sit
maha buddha	1	lee hsein loong
maha buddha	1	new cabinetth
maha buddha	1	the parliament hous
maha buddha	1	starts blessed govern
majulah singapor	1	indonesia
rusti	1	wd40
rusti	1	sb
wd40	1	sb
covid-19	1	pm mr
covid-19	1	sharon ng
covid-19	1	the singapore govern
covid-19	1	philippin
covid-19	1	vietnam
pm lee ask	1	pm abe to come to singapor
pm lee ask	1	little red dot have has veri
pm lee ask	1	jeffrey ng
pm abe to come to singapor	1	little red dot have has veri
pm abe to come to singapor	1	jeffrey ng
little red dot have has veri	1	jeffrey ng
jeffrey ng	1	indonesia
jeffrey ng	1	ah meng
jeffrey ng	1	the singapore zoological gardens!
jeffrey ng	1	jalanjalan pm le
CB	1	clearly brav
yum asia bamboo rice cook	1	london
london	1	new york
guoco tow	1	bubbagump &
parliament hous	1	halimah yacob
parliament hous	1	cabinet
parliament hous	1	better govern
halimah yacob	1	cabinet
halimah yacob	1	better govern
halimah yacob	1	eric chua
halimah yacob	1	best wish
cabinet	1	better govern
cabinet	1	govt
cabinet	1	wish
cabinet	1	god blessed   
mark fong	1	eric lie gerald wee fi hanafiah
amrin amin	1	fullerton hotel
amrin amin	1	amrin amin
sengkang	1	the red lion
sengkang	1	awesom
noon	1	cmon
malaysia	1	kingqueen.
malaysia	1	malaysia
malaysia	1	ceylones
malaysia	1	mi kenn
malaysia	1	rohan
malaysia	1	tiffany luane gimenez
malaysia	1	indonesia
malaysia	1	anda
malaysia	1	singapura selamat
malaysia	1	open up singapore jb causeway asap
malaysia	1	hug
malaysia	1	lee kindli
malaysia	1	toh long
NS	1	EP
dpm heng	1	dpm heng
dpm heng	1	chan chun s
illuminati	1	the great illuminati brotherhood
illuminati	1	UK
illuminati	1	whatsapp
illuminati	1	the great brotherhood of il
the great illuminati brotherhood	1	the great illuminati brotherhood
the great illuminati brotherhood	1	UK
the great illuminati brotherhood	1	whatsapp
the great illuminati brotherhood	1	the great brotherhood of il
UK	1	whatsapp
UK	1	the great brotherhood of il
UK	1	UK
UK	1	US
UK	1	taiwan
UK	1	czech
UK	1	warm blessings p. jayakumar
UK	1	pragu
whatsapp	1	the great brotherhood of il
whatsapp	1	giri ji
whatsapp	1	prawin
abe	1	abe san & japan
abe	1	john savuth yem
abe	1	abe
abe	1	cambodia
orchard road	1	iphon
orchard road	1	macbook
iphon	1	macbook
iphon	1	gogo
iphon	1	gogo’
sa long ngha	1	tri
tri	1	tri
honourable rest	1	harry lee kuan yew
govt	1	govt
govt	1	aamiin
govt	1	EP
govt	1	SP
govt	1	stand
govt	1	pap parti
govt	1	wish
govt	1	e & s pass
russian	1	chines
chines	1	gold ridg
chines	1	mercatus co-operative limit
chines	1	ntuc
chines	1	the singapore labour found
chines	1	mercatu
chines	1	nex
chines	1	pim foreign invest
chines	1	cic
chines	1	hong kong
chines	1	trung quc
chines	1	communist
chines	1	US
chines	1	trump
khichari	1	masali
motegi toshimitsu	1	salut
motegi toshimitsu	1	glad
motegi toshimitsu	1	motegi toshimitsu
salut	1	frontlin
salut	1	asean countri
salut	1	indonesia
salut	1	wish singapor
salut	1	pm shinzo
salut	1	clement ng
indonesia	1	ryan wan
indonesia	1	riau
indonesia	1	indonesia
indonesia	1	asean countri
indonesia	1	philippin
indonesia	1	russia
the primary production department!	1	ngiam
cambodia	1	asian
cambodia	1	vietcong
cambodia	1	john savuth yem
social distanc	1	catherine moodi
bangladesh	1	Le
bangladesh	1	09/08/2020 happy national day singapor
bangladesh	1	marin
bangladesh	1	eid
lee hsein loong	1	new cabinetth
lee hsein loong	1	the parliament hous
lee hsein loong	1	starts blessed govern
new cabinetth	1	the parliament hous
new cabinetth	1	starts blessed govern
the parliament hous	1	starts blessed govern
the parliament hous	1	wannabe xing qi
the parliament hous	1	tan chuan-jin
the parliament hous	1	GE
wah	1	af & 4
wah	1	bishan
US	1	mabuhay
US	1	singapore         
US	1	let
US	1	US
US	1	trump
US	1	kim hong
US	1	philippin
US	1	taiwan
US	1	sir
US	1	canada
vincent le	1	armi
hong kong'	1	tai wai
mrs anita tukeki	1	DM
singapore &	1	IG
EP	1	EP
EP	1	SP
EP	1	sgprn
EP	1	levi
EP	1	WP
EP	1	mnc
the country of singapor	1	grace
the country of singapor	1	marcy amen
grace	1	grace grac
grace	1	marcy amen
jalan jalan	1	stay healthy and happi
hahaha	1	coe
hahaha	1	token
hahaha	1	ryan oon
hahaha	1	huahuahuahuaaaa
hahaha	1	owmygosh
coe	1	token
kian	1	ken ong
kian	1	tumpang
ken ong	1	tumpang
singaporecan	1	enjoy
ferrari	1	ferrari
ferrari	1	lambo
ferrari	1	youtub
ferrari	1	lambo aventador
pm lee hsien loong	1	singaporeanthank
pm lee hsien loong	1	s'porean
harmoni	1	healthy too.with god'
harmoni	1	immense bless
harmoni	1	ns square a vision inspir
harmoni	1	ns square com
harmoni	1	crave color
harmoni	1	grace ns squar
healthy too.with god'	1	immense bless
govt god bless!	1	clean & green
white	1	cdp
white	1	mbfc
white	1	color
cdp	1	mbfc
mbfc	1	engin
#proud to be half filipino half american and	1	#majulah singapura
#proud to be half filipino half american and	1	#fight against the corona virus!
#majulah singapura	1	#fight against the corona virus!
boomthepestsg instagram	1	bomb
rovielyn cardoza	1	national university hospit
rovielyn cardoza	1	nuh
national university hospit	1	nuh
allahazzawajala	1	robbal alamin
dearest mr	1	red dot
patricia elizabeth	1	mrs patricia elizabethwil
heng	1	ms halimah
depression anxiety panic attacks trauma	1	suicidal thought
depression anxiety panic attacks trauma	1	clinical hypnosi
depression anxiety panic attacks trauma	1	hypnotherapi
suicidal thought	1	clinical hypnosi
suicidal thought	1	hypnotherapi
clinical hypnosi	1	hypnotherapi
best wish	1	havea beauti
best wish	1	eric chua
rip	1	nyiam
ns square a vision inspir	1	ns square com
ns square a vision inspir	1	crave color
ns square a vision inspir	1	grace ns squar
ns square com	1	crave color
ns square com	1	grace ns squar
crave color	1	grace ns squar
victoria	1	AU
victoria	1	sweden
victoria	1	scotland
AU	1	sweden
AU	1	scotland
sweden	1	scotland
nelson mandela	1	dad lee kwan yew
bersama untuk	1	singapura yang
bersama untuk	1	lebih
singapura yang	1	lebih
jayakumar	1	award
jayakumar	1	nrg singapor
jayakumar	1	jayakumar
jayakumar	1	singapore n
award	1	nrg singapor
bliss	1	U
U	1	congratulations keep
U	1	singapore n
U	1	ma'af
U	1	mdm
U	1	ntuc
U	1	mata u
U	1	kerajaan
U	1	sodok
singapore day.stay	1	philippin
philippin	1	indonesian
philippin	1	mr
philippin	1	sea covid
philippin	1	vietnam
philippin	1	russia
philippin	1	SC
heartiest congratul	1	s jayakumar
heartiest congratul	1	tan wu cheng
s jayakumar	1	tan wu cheng
glad	1	yam keng
glad	1	bto
glad	1	netizen
nurs	1	happy nurses day
nurs	1	work
seng	1	lamborghini or bentley
gold ridg	1	gold ridg
gold ridg	1	mercatus co-operative limit
gold ridg	1	ntuc
gold ridg	1	the singapore labour found
gold ridg	1	mercatu
gold ridg	1	nex
gold ridg	1	pim foreign invest
gold ridg	1	cic
mercatus co-operative limit	1	ntuc
mercatus co-operative limit	1	the singapore labour found
mercatus co-operative limit	1	mercatu
mercatus co-operative limit	1	nex
mercatus co-operative limit	1	pim foreign invest
mercatus co-operative limit	1	cic
ntuc	1	the singapore labour found
ntuc	1	mercatu
ntuc	1	nex
ntuc	1	pim foreign invest
ntuc	1	cic
ntuc	1	ma'af
ntuc	1	mdm
ntuc	1	mata u
ntuc	1	kerajaan
ntuc	1	sodok
the singapore labour found	1	mercatu
the singapore labour found	1	nex
the singapore labour found	1	pim foreign invest
the singapore labour found	1	cic
mercatu	1	nex
mercatu	1	pim foreign invest
mercatu	1	cic
nex	1	pim foreign invest
nex	1	cic
pim foreign invest	1	cic
louis ng	1	kwang assoc prof muhammad faishal ibrahim
louis ng	1	yishun
kwang assoc prof muhammad faishal ibrahim	1	yishun
yishun	1	motherhood
yishun	1	cai
yishun	1	png
yishun	1	shuai
yishun	1	GE
dpm	1	teo che
dpm	1	dpm
dpm	1	tony tan
dpm	1	prof s jayakumar
dpm	1	esm goh'
teo che	1	tony tan
teo che	1	prof s jayakumar
teo che	1	esm goh'
tony tan	1	prof s jayakumar
tony tan	1	esm goh'
prof s jayakumar	1	esm goh'
hpv	1	hopkin
volvo	1	bombardier alstom
volvo	1	mitsubishi
bombardier alstom	1	mitsubishi
halimah yaacob	1	great respect
halimah yaacob	1	race langaug
hwa chong	1	team singapor
hwa chong	1	congratulations yam keng
opposit	1	singapore govern
singapore govern	1	respect for singapore govern
singapore govern	1	respect for singapor
asian	1	wish tham
dad	1	beynon
GE	1	sg pap gov
GE	1	wannab
GE	1	motherhood
GE	1	cai
GE	1	png
GE	1	shuai
pm mr	1	christine phong
pm mr	1	cheng
danish	1	danish
the straits times team	1	heng swee keat
the straits times team	1	discord
the straits times team	1	straits tim
cherlyn	1	limjacinta
mrs patricia elizabeth bitcoin	1	penni
we are singapor	1	ndp2020
we are singapor	1	sgunit
ndp2020	1	sgunit
ndp2020	1	covid19 unit
ndp2020	1	ben puah
sgunit	1	pm mr lee sl
singapore         	1	let
ho ching happi	1	chalmers wong
ho ching happi	1	marjulah singapura
chalmers wong	1	marjulah singapura
chalmers wong	1	heartiest
chalmers wong	1	robertson quay
ho cha	1	ho koon
ngiam tong dow	1	sea
ngiam tong dow	1	rip mr ngiam.
tran calvin	1	bitcoin/forex/binari
tran calvin	1	forex
blog	1	msm
buyer	1	sgd 1800/- per month
SP	1	SP
SP	1	sgprn
SP	1	levi
singapore happi	1	yes.thank
dignified & gratifi	1	superhero frontline healthcare warriors &
dignified & gratifi	1	resilient n
superhero frontline healthcare warriors &	1	resilient n
singlish	1	> chatbot
singlish	1	malaysian
singlish	1	siri
singlish	1	bixbi
great	1	lee kuan yew squar
great	1	mm lee
salt	1	new model recip
the red lion	1	awesom
the red lion	1	the sengkang hospital’
the red lion	1	saf
awesom	1	politician
spf share point forc	1	madam
saf	1	the sengkang hospital’
the republic of singapor	1	friends to our world
the republic of singapor	1	sg govern
the republic of singapor	1	trust
friends to our world	1	sg govern
friends to our world	1	trust
sg govern	1	trust
ah meng	1	the singapore zoological gardens!
ah meng	1	jalanjalan pm le
the singapore zoological gardens!	1	jalanjalan pm le
jack yeoh kun	1	ravi khemlani
brunei lakiun camp	1	tai
united singapor	1	united singapor
giri ji	1	prawin
christine phong	1	cheng
pro	1	jewel ktv
lee &	1	righteous
indonesian	1	retno marsudi
indonesian	1	istana
indonesian	1	mdm retno marsudi
wto	1	fcf
panason	1	sanyo toshiba n
app	1	dementia
app	1	alzheimer disease associ
dementia	1	alzheimer disease associ
wannabe xing qi	1	tan chuan-jin
singapore united &	1	singapore love &
joshua le	1	yo g
kabi ashok roshini	1	gumnani
kabi ashok roshini	1	anupa gumnani
gumnani	1	anupa gumnani
assalamu alaikum wa rehmatullahi wa barakatuhi ( holy eid al-adha	1	buddhist
assalamu alaikum wa rehmatullahi wa barakatuhi ( holy eid al-adha	1	purnima
assalamu alaikum wa rehmatullahi wa barakatuhi ( holy eid al-adha	1	muslim
assalamu alaikum wa rehmatullahi wa barakatuhi ( holy eid al-adha	1	mosqu
assalamu alaikum wa rehmatullahi wa barakatuhi ( holy eid al-adha	1	eid mubarak
buddhist	1	purnima
buddhist	1	muslim
buddhist	1	mosqu
buddhist	1	eid mubarak
purnima	1	muslim
purnima	1	mosqu
purnima	1	eid mubarak
muslim	1	mosqu
muslim	1	muslim
muslim	1	eid mubarak
mosqu	1	eid mubarak
wow	1	ktv
ceylones	1	mi kenn
ceylones	1	rohan
mi kenn	1	rohan
mike yen	1	europe & u.s.a.
mike yen	1	airborn
europe & u.s.a.	1	airborn
sgian	1	keyword
sgian	1	sgian
bangala	1	ali
ali	1	nachia eating hous
ali	1	hoe chiang
ali	1	isnin
ali	1	whatsapp 9389-2615
rice &	1	pm lhl
psp	1	jeffrey khoo
psp	1	ge2020
jeffrey khoo	1	ge2020
wish & pray	1	majulah singapurah
bahasa	1	bahasa
sgrean	1	sgrean
sgrean	1	earn
sgrean	1	citizen
earn	1	citizen
mr	1	binari
franki	1	tan si
franki	1	han
tan si	1	han
esg	1	alchemy food
singaporew	1	sggod
bmw	1	lynn chan
bmw	1	didier chia
singaporean chines	1	australia
singaporean chines	1	octogenarian
australia	1	octogenarian
the ndp organising committe	1	royston tan
stand	1	stand
noah	1	noah
noah	1	Me
Me	1	Me
ippt	1	ippt
malaysian	1	patrioticny
malaysian	1	bobby hoo
malaysian	1	leo lim
opportun	1	grow
lee madam	1	ho ching madam
hong kong	1	trung quc
hong kong	1	hong kong
hong kong	1	communist
trung quc	1	communist
kate spad	1	prada
kate spad	1	classi
prada	1	classi
sharon ng	1	the singapore govern
majulah singapura mari	1	singapura sama
majulah singapura mari	1	cita-cita kita
majulah singapura mari	1	berjaya singapura marilah
majulah singapura mari	1	dengan
singapura sama	1	cita-cita kita
singapura sama	1	berjaya singapura marilah
singapura sama	1	dengan
cita-cita kita	1	berjaya singapura marilah
cita-cita kita	1	dengan
berjaya singapura marilah	1	dengan
goodluck	1	leader
huahuahuahuaaaa	1	owmygosh
lee happy nurses' day	1	great keep
this mandai zoo	1	the pride of singapor
this mandai zoo	1	safari
the pride of singapor	1	safari
batam	1	busi
batam	1	john chan
huracan	1	ferrari sf90
happy bless	1	religion
lambo	1	lamborghini gallardo spyder -
lambo	1	sgcarmart
mrpm	1	honest
mrpm	1	person stay saf
mrpm	1	mrpm
honest	1	person stay saf
tabebuia	1	ns squar
ns squar	1	tempat ns squar
ns squar	1	saya
ns squar	1	the seating galleri
ns squar	1	river hongbao
ns squar	1	ns squar
ns squar	1	nation’
lian	1	ah beng
lynn chan	1	didier chia
sgprn	1	levi
tafep	1	true the management of this compani
benchod	1	push
meaningless	1	ourselves & lov
sg50	1	honour
sg50	1	the memorial hal
honour	1	the memorial hal
muhammad messenger s.a.w. peace be upon him glorious holy book	1	islam
muhammad messenger s.a.w. peace be upon him glorious holy book	1	non muslim
islam	1	non muslim
grace poh	1	pepito
david tao	1	calvin klein
david tao	1	hush puppi
calvin klein	1	hush puppi
clement ng'	1	st luke
happy birthday singapor	1	55th & happy national day
tempat ns squar	1	saya
adrienne claxton	1	simon chater - and
adrienne claxton	1	laksa
simon chater - and	1	laksa
discord	1	discord
discord	1	straits tim
discord	1	straitstimes team
discord	1	muhammad faezin
tom & jerri	1	tak bol
brown	1	gaba
singaporeanshop	1	southeast asian
singaporeanshop	1	only singapor
southeast asian	1	only singapor
bulls**t	1	corona
selamat pagi	1	fr tampin
mediacorp	1	temasek
temasek	1	the people’s action parti
temasek	1	ho ch
lion citi	1	success
lion citi	1	pm lee & strong hop
ms m indrane	1	the leader of the opposition in parlia
ms m indrane	1	hous
the leader of the opposition in parlia	1	hous
juraimi sungip	1	farn
heartiest	1	robertson quay
dedication...	1	disciplin
jobs support schem	1	vikram khanna
jobs support schem	1	robert yap
vikram khanna	1	robert yap
learn	1	know
patrioticny	1	bobby hoo
patrioticny	1	leo lim
bobby hoo	1	leo lim
vietnam	1	sgp- vietnam
vietnam	1	asean chair
vietnam	1	vietnam
grey jedi	1	light
grey jedi	1	dark
light	1	dark
youtub	1	lambo aventador
melvin ho	1	melvin ho
hurri	1	viru
sentosa	1	& aquarium
singapura tanah air	1	tanah
singapura tanah air	1	daulat singapura demi
singapura tanah air	1	dan bangsa
tanah	1	daulat singapura demi
tanah	1	dan bangsa
daulat singapura demi	1	dan bangsa
kababayan	1	canada
canada	1	canada
baba	1	carolina
anda	1	singapura selamat
husband lee hsien loong	1	loyal serv
husband lee hsien loong	1	lin @angmokiogrc
loyal serv	1	lin @angmokiogrc
singaporean &	1	lee nice & bright
nu	1	ntu
covid19 unit	1	ben puah
team	1	the great effort
siri	1	bixbi
s'porean	1	wat
jo teo	1	Jo
ND	1	sylvia chen show mao
respect for singapore govern	1	respect for singapor
bangla dash	1	mas selamat
jessica ong robin naii	1	andrew ljd shella java lim joann
may singapor	1	god bless
sgaporean	1	sgaporean
lim chong	1	sim cheryl ng
mo	1	mot
covid ndp	1	halimah
hug	1	hugh
hug	1	open up singapore jb causeway asap
tey kian	1	heng nichola
national servic	1	cbd
changi shopping concierg	1	reply unsubcr
contributions to singapor	1	lifetim
contributions to singapor	1	pm-lhl spent
lifetim	1	pm-lhl spent
nachia eating hous	1	hoe chiang
nachia eating hous	1	isnin
nachia eating hous	1	whatsapp 9389-2615
hoe chiang	1	isnin
hoe chiang	1	whatsapp 9389-2615
isnin	1	whatsapp 9389-2615
pm-sa	1	jap-s
pm-sa	1	ask
jap-s	1	ask
italian	1	italian
taskforc	1	fluff
sgp- vietnam	1	asean chair
independ	1	sovereign n
independ	1	majulah singapura!
sovereign n	1	majulah singapura!
contract	1	jss
gogo	1	gogo’
cheng san	1	jalan kayu
congratulations keep	1	singapore n
epass	1	mycar
epass	1	epass
jim aitchison	1	ketchum’
jim aitchison	1	beach road
jim aitchison	1	lky’
jim aitchison	1	people one nation one singapor
ketchum’	1	beach road
ketchum’	1	lky’
ketchum’	1	people one nation one singapor
beach road	1	lky’
beach road	1	people one nation one singapor
lky’	1	people one nation one singapor
basic medical & car	1	civil defense med
lamborghini gallardo spyder -	1	sgcarmart
ma'af	1	mdm
ma'af	1	mata u
ma'af	1	kerajaan
ma'af	1	sodok
mdm	1	mata u
mdm	1	kerajaan
mdm	1	sodok
mata u	1	kerajaan
mata u	1	sodok
kerajaan	1	sodok
said	1	sworn
said	1	partliment
sworn	1	partliment
eddie boo	1	jin tang greg
eddie boo	1	weikang chan
eddie boo	1	yackson ng mickowiz
eddie boo	1	koh hui jia
jin tang greg	1	weikang chan
jin tang greg	1	yackson ng mickowiz
jin tang greg	1	koh hui jia
weikang chan	1	yackson ng mickowiz
weikang chan	1	koh hui jia
yackson ng mickowiz	1	koh hui jia
america	1	white hous
fta	1	alarie$
angmoh	1	spg
pleas	1	singpor
zoo	1	great nation build
lee & team	1	singapore & singaporean
nicole seah @	1	smc
money pow	1	health
money pow	1	mr abe n
health	1	health
health	1	mr abe n
czech	1	warm blessings p. jayakumar
czech	1	pragu
warm blessings p. jayakumar	1	pragu
sea	1	rip mr ngiam.
sea	1	uncle sam
motherhood	1	cai
motherhood	1	png
motherhood	1	shuai
cai	1	png
cai	1	shuai
png	1	shuai
cool	1	sg
cool	1	pandam
sg	1	sg
sg	1	pandam
christian	1	christian
suliana abdullah ryan idr	1	abdul rahman
retno marsudi	1	istana
retno marsudi	1	mdm retno marsudi
istana	1	mdm retno marsudi
istana	1	communist party of china politburo
istana	1	central commission for
istana	1	yang jiechi
communist party of china politburo	1	central commission for
communist party of china politburo	1	yang jiechi
central commission for	1	yang jiechi
nicol	1	jamu
GD	1	lee rainbow
straitstimes team	1	muhammad faezin
sabrina	1	ridzwan nurhazmi
the people’s action parti	1	ho ch
day.veri	1	singapore pm
herpes simplex viru	1	dr afua
fool	1	the reality of seeking a job
guidelin	1	rgl
dee ricki	1	joseph fami streisand
dee ricki	1	azroy
joseph fami streisand	1	azroy
lee kindli	1	toh long
singapor	2	lee hsien loong
singapor	2	philippin
singapor	2	majulah singapura
singapor	2	respect for singapore govern
singapor	2	corrine may
singapor	2	singapor
singapor	2	citizen
singapor	2	lee
singapor	2	lee hsien
singapor	2	heartfelt
singapor	2	chin heng'
singapor	2	rip
singapor	2	indonesia
singapor	2	too.majullah singapur
singapor	2	singaporean
singapor	2	much.i
singapor	2	rip mr seah
singapor	2	respect for singapor
singapor	2	india
lee hsien loong	2	philippin
lee hsien loong	2	india
plq	2	pearl lovers quart
respect for singapore govern	2	respect for singapor
heartfelt	2	pm lee
heartfelt	2	govt
pm lee	2	nurs
pm lee	2	kinsey
pm lee	2	singaporean
pm lee	2	SG
pm lee	2	pm lee
pm lee	2	majula singapura
deepest condol	2	chin heng'
chin heng'	2	rip
chin heng'	2	keat hong cc
island singapor	2	ndp
island singapor	2	youtub
ndp	2	youtub
ndp	2	https://open.spotify.com/album/40kciwthfpifq3yadrklj8?si=y8ny1gt6sjse5dkbzwtnsa
youtub	2	https://open.spotify.com/album/40kciwthfpifq3yadrklj8?si=y8ny1gt6sjse5dkbzwtnsa
tanjong pagar	2	tanjong pagar
tanjong pagar	2	jurong pasir
rip	2	loyal singaporean
rip	2	pioneer lead
loyal singaporean	2	pioneer lead
indonesia	2	too.majullah singapur
singaporean	2	singaporean
singaporean	2	rip mr seah
singaporean	2	truli
singaporean	2	SG
seng kang	2	seng kang mrt
fine n	2	lesson
lee hsien loong majullah singapur	2	too.gd
lee hsien loong majullah singapur	2	lee kuan yew
too.gd	2	lee kuan yew
blessed & happy birthday singapor	2	home
blessed & happy birthday singapor	2	mr lee
blessed & happy birthday singapor	2	love singapor
home	2	mr lee
home	2	love singapor
mr lee	2	love singapor
wah	3	china
china	3	singaporean
china	3	china
china	3	US
china	3	russia
china	3	india
china	3	ccp
china	3	the chinese communist parti
china	3	send joshua wong
china	3	japanes
china	3	ccp fm
china	3	sc
china	3	singapor
china	3	america
china	3	american
china	3	chines
china	3	liao
china	3	Sg
china	3	european
china	3	dyson
china	3	czech
china	3	pm-lhl
china	3	usa
china	3	lol
china	3	SG
china	3	gov
china	3	EU
china	3	pompeo
china	3	taiwan
china	3	great lead
china	3	dear lead
china	3	trump
china	3	russian
china	3	muslim
china	3	yang jiechi
china	3	asean
china	3	the czech republ
snba	3	joseph ong
snba	3	toh yong chuan
joseph ong	3	toh yong chuan
EP	3	SP
EP	3	lta
EP	3	JT
EP	3	lol
EP	3	SG
EP	3	usa
EP	3	p&l
EP	3	singaporean
EP	3	spass
EP	3	bank
EP	3	hr audit
EP	3	ep foreign
EP	3	singapor
EP	3	EP
EP	3	ft
EP	3	rais
EP	3	malaysian
EP	3	loc
EP	3	bukit timah orchard
EP	3	healthy stay safe!
EP	3	ceca
EP	3	budget
EP	3	govt
EP	3	hod
EP	3	cfo
EP	3	WP
EP	3	free
EP	3	better
SP	3	singaporean
SP	3	ep’
SP	3	singapor
SP	3	malaysian
SP	3	healthy stay safe!
SP	3	ceca
SP	3	budget
SP	3	levi
SP	3	foreign
SP	3	pmet
SP	3	citizen
SP	3	sop
SP	3	SP
SP	3	better
loh	3	obama
mdm teo	3	singaporean
singaporean	3	singaporean
singaporean	3	p&l
singaporean	3	singapor
singaporean	3	heng’
singaporean	3	heng
singaporean	3	bank
singaporean	3	SG
singaporean	3	hr audit
singaporean	3	govt
singaporean	3	xia
singaporean	3	merdeka
singaporean	3	pm lee
singaporean	3	dpm heng
singaporean	3	chan chun s
singaporean	3	parliament
singaporean	3	team singapor
singaporean	3	christian
singaporean	3	india indian
singaporean	3	indian
singaporean	3	singapore singaporean
singaporean	3	ep foreign
singaporean	3	nimal
singaporean	3	JT
singaporean	3	chines
singaporean	3	ft
singaporean	3	pap
singaporean	3	non-chines
singaporean	3	ceca
singaporean	3	healthy stay safe!
singaporean	3	raise minimum salari
singaporean	3	tech
singaporean	3	US
singaporean	3	heng stop
singaporean	3	lee
singaporean	3	quota
singaporean	3	abolish
singaporean	3	Ya
singaporean	3	india
singaporean	3	mnc
singaporean	3	kfc singapor
lta	3	JT
lta	3	lol
lta	3	SG
lta	3	usa
lta	3	lta
JT	3	lol
JT	3	SG
JT	3	usa
JT	3	JT
JT	3	halimah
lol	3	SG
lol	3	usa
lol	3	popey
lol	3	singapor
lol	3	US
lol	3	sc
lol	3	aircon
SG	3	usa
SG	3	bank
SG	3	hr audit
SG	3	US
SG	3	SG
SG	3	blardi
SG	3	singapor
SG	3	covid idiot
SG	3	LO
SG	3	gov
SG	3	& my compani
SG	3	malaysian
SG	3	nice
SG	3	asean
usa	3	usa
usa	3	singapor
usa	3	pm-lhl
usa	3	trump
usa	3	US
usa	3	ccp
usa	3	chines
usa	3	russian
usa	3	muslim
the people & compani	3	no respect no trust
the people & compani	3	incompetent unqualified leadership
the people & compani	3	discriminated & remov
no respect no trust	3	incompetent unqualified leadership
no respect no trust	3	discriminated & remov
incompetent unqualified leadership	3	discriminated & remov
america	3	american
america	3	japan
america	3	ccp
america	3	nazi
america	3	singapor
america	3	taiwan
america	3	beij
america	3	washington
america	3	US
america	3	world
america	3	czech
america	3	EU
america	3	pompeo
america	3	america
american	3	japan
american	3	ccp
american	3	nazi
american	3	pm lee
american	3	chines
american	3	american
american	3	US
american	3	singapor
american	3	english premier league regulation footbal
japan	3	ccp
japan	3	nazi
japan	3	US
japan	3	australia
japan	3	singapor
japan	3	ST
japan	3	Xi
japan	3	mask
japan	3	taiwan
japan	3	korea
japan	3	germani
ccp	3	nazi
ccp	3	US
ccp	3	russia
ccp	3	india
ccp	3	the chinese communist parti
ccp	3	japanes
ccp	3	ccp fm
ccp	3	sc
ccp	3	singapor
ccp	3	ccp
ccp	3	lki
ccp	3	trump
ccp	3	czech
ccp	3	chi-nazi
ccp	3	african
ccp	3	the un wto n
ccp	3	who
ccp	3	taiwan
ccp	3	point
ccp	3	supporttrump
ccp	3	xjp
bahru	3	tua
geneviève chua	3	darren
halimah	3	halimah
halimah	3	sia
halimah	3	muslim
halimah	3	indian
halimah	3	malay
sia	3	singapor
sia	3	changi
sia	3	seletar
sia	3	sia
sporean	3	nu
sporean	3	ntu
sporean	3	sporean
sporean	3	malaysian
sporean	3	msia
sporean	3	indian
sporean	3	US
sporean	3	UK
nu	3	ntu
nu	3	nu
countri	3	singapor
singapor	3	own nat
singapor	3	singapore citizen
singapor	3	citizen
singapor	3	heng’
singapor	3	heng
singapor	3	singapor
singapor	3	hahahaha
singapor	3	taiwan
singapor	3	prc
singapor	3	xia
singapor	3	japanes
singapor	3	ccp fm
singapor	3	US
singapor	3	sc
singapor	3	brunei
singapor	3	lee hsien loong
singapor	3	bangladesh
singapor	3	GE
singapor	3	merdeka
singapor	3	pm lee
singapor	3	chines
singapor	3	liao
singapor	3	Sg
singapor	3	european
singapor	3	dyson
singapor	3	civil serv
singapor	3	rip
singapor	3	tang
singapor	3	condo
singapor	3	villa
singapor	3	christian
singapor	3	india indian
singapor	3	indian
singapor	3	singapore singaporean
singapor	3	pm-lhl
singapor	3	parliament
singapor	3	communist
singapor	3	malay
singapor	3	south asian
singapor	3	trigger
singapor	3	die
singapor	3	indiana university school of medicin
singapor	3	australia
singapor	3	ST
singapor	3	changi
singapor	3	seletar
singapor	3	rich &
singapor	3	develop
singapor	3	mom
singapor	3	johor wat
singapor	3	newwat
singapor	3	ft
singapor	3	hongkong
singapor	3	india
singapor	3	rgl
singapor	3	healthy stay safe!
singapor	3	gail wong
singapor	3	sarah siaw rememb
singapor	3	gd countri
singapor	3	their own countri
singapor	3	little india
singapor	3	mastermind
singapor	3	ronnie fong
singapor	3	teng hui
singapor	3	eric fong
singapor	3	fong kuo fei
singapor	3	alucia tan ah huan.and
singapor	3	poh ai choo
singapor	3	mnc
singapor	3	brazil
singapor	3	asean
singapor	3	hong kong
singapor	3	levi
singapor	3	foreign
singapor	3	pmet
singapor	3	sop
singapor	3	great lead
singapor	3	dear lead
singapor	3	malaysia
singapor	3	indonesia
singapor	3	kpkb
singapor	3	singtel
singapor	3	mask
singapor	3	quota
singapor	3	abolish
singapor	3	truli
singapor	3	singapore polic
singapor	3	national university of singapor
singapor	3	sean
singapor	3	repulik
singapor	3	malaysian
singapor	3	kopitiam
singapor	3	canada
singapor	3	channel 8
singapor	3	covid 19
singapor	3	passport
singapor	3	water
singapor	3	aiport
singapor	3	greatest
singapor	3	PM
singapor	3	mdm
singapor	3	tangs depart
singapor	3	aew
malay	3	mdm halimah
malay	3	chines
malay	3	indian
malay	3	muslim
malay	3	malay
malay	3	communist
malay	3	south asian
singh	3	leader of the opposit
singh	3	lim yan liang
singh	3	bn group'
singh	3	newcastle unit
singh	3	sue-ann tan
leader of the opposit	3	lim yan liang
leader of the opposit	3	bn group'
leader of the opposit	3	newcastle unit
leader of the opposit	3	sue-ann tan
lim yan liang	3	bn group'
lim yan liang	3	newcastle unit
lim yan liang	3	sue-ann tan
bn group'	3	newcastle unit
bn group'	3	sue-ann tan
newcastle unit	3	sue-ann tan
tang	3	christian
tang	3	muslim
tang	3	arab bruneian
tang	3	malaysian
tang	3	indonesian
tang	3	uob
christian	3	india indian
christian	3	indian
christian	3	singapore singaporean
malaysian	3	msia
malaysian	3	indian
malaysian	3	US
malaysian	3	UK
malaysian	3	malaysian
malaysian	3	arab bruneian
malaysian	3	indonesian
malaysian	3	kopitiam
msia	3	indian
msia	3	US
msia	3	UK
indian	3	US
indian	3	UK
indian	3	indian
indian	3	chines
indian	3	tamil
indian	3	muslim
indian	3	india indian
indian	3	singapore singaporean
indian	3	jail
indian	3	f_male
indian	3	kpkb
indian	3	singtel
indian	3	india
indian	3	changi
indian	3	wuhan
indian	3	govt
US	3	UK
US	3	russia
US	3	india
US	3	asian
US	3	jpn
US	3	US
US	3	japanes
US	3	ccp fm
US	3	sc
US	3	Sg
US	3	european
US	3	dyson
US	3	australia
US	3	ST
US	3	lki
US	3	trump
US	3	tech
US	3	heng stop
US	3	lee
US	3	great lead
US	3	dear lead
US	3	malaysia
US	3	indonesia
US	3	chines
own nat	3	singapore citizen
citizen	3	levi
citizen	3	foreign
citizen	3	pmet
citizen	3	sop
romeo tan	3	mediacorp
mediacorp	3	police cisco armi
heng’	3	heng
heng	3	amk
heng	3	pap
heng	3	non-chines
russia	3	india
india	3	hongkong
india	3	kpkb
india	3	singtel
india	3	changi
india	3	thailand
india	3	indonesia
airsoft	3	BB
shine	3	rip
rip	3	civil serv
michelin	3	asian
michelin	3	kong bak pau
asian	3	jpn
asian	3	dec
asian	3	jan'2020
pm lee	3	chines
pm lee	3	gérard butl
pm lee	3	morgan freeman
pm lee	3	merdeka
pm lee	3	ndp
pm lee	3	tangling halt
pm lee	3	penang road
pm lee	3	parliament
chines	3	chines
chines	3	liao
chines	3	shut
chines	3	hill
chines	3	communist
chines	3	south asian
chines	3	baidu
chines	3	prc
chines	3	role
chines	3	zheng
chines	3	trump
chines	3	russian
chines	3	muslim
taser	3	spf
taser	3	bravo division(now seccom
spf	3	salut
ep & 	3	WP
WP	3	sengkang
WP	3	@sengkang
spass	3	rais
bangkok	3	ndp
ndp	3	anyway hbd singapura
ndp	3	hougang
ndp	3	ndp
ndp	3	tangling halt
ndp	3	penang road
ndp	3	sengkang hougang
ndp	3	kaki bukit
ndp	3	paya lebar airport
bank	3	hr audit
raise gst raise erp	3	raise foreign
duke univers	3	duke
duke	3	straits tim
govt	3	govt
govt	3	coe
govt	3	wuhan
taiwan	3	czech
taiwan	3	EU
taiwan	3	pompeo
taiwan	3	taiwan
taiwan	3	mask
pom chob yew	3	thai
prc	3	nato
muslim	3	muslim
muslim	3	trump
muslim	3	russian
muslim	3	islam
toshiba	3	japanes
toshiba	3	toshiba
toshiba	3	afpd
toshiba	3	yoshitada minami
japanes	3	afpd
japanes	3	ccp fm
japanes	3	sc
beij	3	washington
beij	3	beij
ccp fm	3	sc
gérard butl	3	morgan freeman
parliament	3	lki
parliament	3	dpm heng
parliament	3	chan chun s
parliament	3	team singapor
parliament	3	kp kb
parliament	3	parliament
parliament	3	group representative constitu
parliament	3	non-constitu
tahk	3	lee
lee	3	tech
lee	3	heng stop
lee	3	buangkok parkvista &
hwa chong	3	british
lee hsien loong	3	bangladesh
lee hsien loong	3	singapura dengan
lee hsien loong	3	sean
lee hsien loong	3	repulik
lee hsien loong	3	zhu
lee hsien loong	3	xian
lee hsien loong	3	ica
lee hsien loong	3	pm lee hsien loong
GE	3	GE
nimal d	3	nimal
Sg	3	european
Sg	3	Sg
Sg	3	dyson
Sg	3	pmets ft
european	3	dyson
dpm heng	3	chan chun s
dpm heng	3	team singapor
chan chun s	3	team singapor
temasek	3	sneez
daming tao	3	imrac gidni
airport	3	covid testing centr
sudan	3	quran
sudan	3	katanga
quran	3	katanga
lahiri sagadeva	3	zhu dong tan candic
lahiri sagadeva	3	kerwin tsang
lahiri sagadeva	3	christine koo
zhu dong tan candic	3	kerwin tsang
zhu dong tan candic	3	christine koo
kerwin tsang	3	christine koo
condo	3	villa
czech	3	czech
czech	3	EU
czech	3	pompeo
roti prata recip	3	condensed milk 80
india indian	3	singapore singaporean
mui	3	K
mui	3	dr maliki
mui	3	mui
mui	3	romm
K	3	dr maliki
K	3	romm
dr maliki	3	romm
communist	3	south asian
hamreesh arivalagan	3	iqbal
hamreesh arivalagan	3	melvin fernandez
hamreesh arivalagan	3	chang gen
hamreesh arivalagan	3	david christopher lui dicaprio toretto
iqbal	3	melvin fernandez
iqbal	3	chang gen
iqbal	3	david christopher lui dicaprio toretto
melvin fernandez	3	chang gen
melvin fernandez	3	david christopher lui dicaprio toretto
chang gen	3	david christopher lui dicaprio toretto
trigger	3	die
trigger	3	indiana university school of medicin
die	3	indiana university school of medicin
australia	3	ST
changi	3	seletar
changi	3	mbfc
african	3	keyana
african	3	lion citi
african	3	chi-nazi
african	3	the un wto n
african	3	who
keyana	3	lion citi
rich &	3	develop
kesiannya	3	budak2
chu mo	3	wfh
chu mo	3	chu mo
armi	3	grandmoth
bryan lee keith	3	ian ng
bryan lee keith	3	mohd hishamuddin
bryan lee keith	3	bryan wong
ian ng	3	mohd hishamuddin
ian ng	3	bryan wong
mohd hishamuddin	3	bryan wong
arab bruneian	3	indonesian
EU	3	pompeo
sengkang	3	sengkang
sengkang	3	@sengkang
enough	3	enough
hdb	3	hdb
johor wat	3	newwat
ft	3	ceca
bmw liao	3	walk
singapore red cross	3	beirut
loc	3	loc
hongkong	3	mastermind
hongkong	3	ronnie fong
hongkong	3	teng hui
hongkong	3	eric fong
hongkong	3	fong kuo fei
hongkong	3	alucia tan ah huan.and
hongkong	3	poh ai choo
changi villag	3	cheeki
lee bee wah	3	louis ng
pap	3	non-chines
tiong bahru	3	coe
tiong bahru	3	ms wong
coe	3	ms wong
coe	3	coe
terrex incid	3	saf
terrex incid	3	roc
saf	3	roc
ceca	3	scb
dec	3	jan'2020
xia suay	3	singapore polic
ishak yanee be	3	shariza bahrawi
xjp/ccp	3	wuhan
xjp/ccp	3	xjp/ccp
wuhan	3	wuhan
sam hui	3	uncle le
sam hui	3	rice
uncle le	3	rice
rice	3	rice
apostolic church	3	the holy roman catholic church
heng swee keat	3	ferrari
gail wong	3	sarah siaw rememb
itali	3	covid-19
itali	3	italian
itali	3	itali
itali	3	worldomet
covid-19	3	italian
covid-19	3	worldomet
italian	3	worldomet
gd countri	3	their own countri
now	3	krakatoa
now	3	indonesia
krakatoa	3	indonesia
indonesia	3	bali
indonesia	3	malaysia
indonesia	3	hebat pak le
indonesia	3	thailand
tangling halt	3	penang road
trump	3	trump
trump	3	russian
sengkang hougang	3	kaki bukit
sengkang hougang	3	paya lebar airport
kaki bukit	3	paya lebar airport
mastermind	3	ronnie fong
mastermind	3	teng hui
mastermind	3	eric fong
mastermind	3	fong kuo fei
mastermind	3	alucia tan ah huan.and
mastermind	3	poh ai choo
ronnie fong	3	teng hui
ronnie fong	3	eric fong
ronnie fong	3	fong kuo fei
ronnie fong	3	alucia tan ah huan.and
ronnie fong	3	poh ai choo
teng hui	3	eric fong
teng hui	3	fong kuo fei
teng hui	3	alucia tan ah huan.and
teng hui	3	poh ai choo
eric fong	3	fong kuo fei
eric fong	3	alucia tan ah huan.and
eric fong	3	poh ai choo
fong kuo fei	3	alucia tan ah huan.and
fong kuo fei	3	poh ai choo
alucia tan ah huan.and	3	poh ai choo
jail	3	f_male
southaven	3	southhel
southaven	3	boycott
southhel	3	boycott
pasir ri	3	pasir ris drug
dpm	3	dpm
red cross	3	lebanon
red cross	3	red cross
lebanon	3	lebanon
ep & s pass	3	the ep & s pass
changi airport	3	seletar airport
mnc	3	brazil
mnc	3	asean
mnc	3	hong kong
brazil	3	asean
brazil	3	hong kong
asean	3	hong kong
asean	3	yang jiechi
hong kong	3	new york
hong kong	3	california
hong kong	3	minneapoli
hong kong	3	thailand
levi	3	foreign
levi	3	pmet
levi	3	sop
foreign	3	pmet
foreign	3	sop
pmet	3	sop
naomineo	3	xiaxu
naomineo	3	KK
xiaxu	3	KK
tech	3	heng stop
great lead	3	dear lead
malaysia	3	channel 8
malaysia	3	covid 19
malaysia	3	malaysia
ryde	3	grab
kpkb	3	singtel
miki	3	don wang messy lydia
city harvest church	3	pope
city harvest church	3	eat
city harvest church	3	agc
pope	3	eat
pope	3	agc
eat	3	agc
quota	3	abolish
angie yap	3	dee nana yanah
ali nachia eating hous	3	hoe chiang
ali nachia eating hous	3	whatsapp 9389-2615
hoe chiang	3	whatsapp 9389-2615
ryan	3	ryan
hod	3	cfo
khatim kasim mohammad	3	alli kasim
khatim kasim mohammad	3	muhammad tarmizi
alli kasim	3	muhammad tarmizi
inoke ohuafi caroline nugget	3	idk
new ep	3	financial servic
tg pagar railway st	3	international plaza
nimal de silva u	3	sb
nimal de silva u	3	stupid
sb	3	stupid
chi-nazi	3	the un wto n
chi-nazi	3	who
chi-nazi	3	chi-nazi
the un wto n	3	who
star	3	geylang
https://www.youtube.com/watch?v=uaxto5dmqei&gl=sg	3	spoon
spoon	3	spoon
hometeam	3	ktv
vegetarian	3	brown ric
vegetarian	3	white rice out
brown ric	3	white rice out
country / gov	3	a pte ltd
sean	3	repulik
huawei	3	tiktok
group representative constitu	3	non-constitu
zhu	3	xian
zhu	3	ica
zhu	3	pm lee hsien loong
xian	3	ica
xian	3	pm lee hsien loong
ica	3	pm lee hsien loong
channel 8	3	covid 19
passport	3	water
passport	3	aiport
passport	3	greatest
water	3	aiport
water	3	greatest
aiport	3	greatest
supporttrump	3	xjp
new york	3	california
new york	3	minneapoli
new york	3	thailand
california	3	minneapoli
california	3	thailand
minneapoli	3	thailand
hokkien	3	super
pitram singh	3	pitram singh
pitram singh	3	the straits tim
proper mask	3	all public transport
proper mask	3	bandana
proper mask	3	face scarf
all public transport	3	bandana
all public transport	3	face scarf
bandana	3	face scarf
ali fathimah	3	david jaya segar
ali fathimah	3	james rubena beevi
david jaya segar	3	james rubena beevi
cai jiaxu	3	bugis junct
sia group	3	m'sia
state court	3	serangoon &
the singapore  & indonesian government repres	3	marin
the singapore  & indonesian government repres	3	tanjun rue rd
marin	3	tanjun rue rd
cisco	3	steven
cisco	3	mei i
cisco	3	christina pang
cisco	3	yeo poh
cisco	3	abu sayyaf
cisco	3	chai chee st blk
cisco	3	cctv
cisco	3	hifi speak
steven	3	mei i
steven	3	christina pang
steven	3	yeo poh
steven	3	abu sayyaf
steven	3	chai chee st blk
steven	3	cctv
steven	3	hifi speak
mei i	3	christina pang
mei i	3	yeo poh
mei i	3	abu sayyaf
mei i	3	chai chee st blk
mei i	3	cctv
mei i	3	hifi speak
christina pang	3	yeo poh
christina pang	3	abu sayyaf
christina pang	3	chai chee st blk
christina pang	3	cctv
christina pang	3	hifi speak
yeo poh	3	abu sayyaf
yeo poh	3	chai chee st blk
yeo poh	3	cctv
yeo poh	3	hifi speak
abu sayyaf	3	chai chee st blk
abu sayyaf	3	cctv
abu sayyaf	3	hifi speak
chai chee st blk	3	cctv
chai chee st blk	3	hifi speak
cctv	3	hifi speak
mnd	3	bca
merced	3	lamborghini
justic	3	almighti
sheng siong	3	layar
sbf	3	ep 
sbf	3	sbf
sbf	3	ho meng kit
sbf	3	s'pore
sbf	3	audrey tan
ep 	3	ho meng kit
ep 	3	s'pore
ep 	3	audrey tan
ho meng kit	3	s'pore
ho meng kit	3	audrey tan
s'pore	3	audrey tan
mdm	3	tangs depart
loan compani	3	loan compani
e.g. india & philippin	4	indonesia
indonesia	4	china
indonesia	4	singapor
indonesia	4	indonesia
indonesia	4	US
indonesia	4	natuna
indonesia	4	sc
india	4	india
india	4	singapor
india	4	cecapore singapor
india	4	china
india	4	chinapore singapor
india	4	chicepore singapor
india	4	philippin
india	4	a3i
india	4	csir
india	4	https://www.deccanherald.com/national/genetically-unique-strain-makes-40-of-coronavirus-in-india-844929.html
india	4	covid-19
india	4	SG
india	4	US
india	4	skorea
india	4	singaporean
india	4	indian
india	4	mtf
india	4	prc
india	4	usa japan
india	4	taiwan
india	4	australia
india	4	vietnam
india	4	UK
india	4	canada
india	4	russia
india	4	EU
india	4	huawei
india	4	hong kong
india	4	ceca
china	4	singapor
china	4	SG
china	4	panama
china	4	cecapore singapor
china	4	chinapore singapor
china	4	china
china	4	chicepore singapor
china	4	philippin
china	4	US
china	4	natuna
china	4	sc
china	4	ccp
china	4	covid-19
china	4	prc
china	4	usa japan
china	4	taiwan
china	4	australia
china	4	vietnam
china	4	UK
china	4	canada
china	4	russia
china	4	EU
china	4	huawei
china	4	xjp/ccp
china	4	communist
china	4	wuhan
china	4	chines
china	4	xi jinp
china	4	democrat
china	4	xjp
china	4	liber
china	4	thereof
china	4	united st
singapor	4	ray
singapor	4	singapor
singapor	4	vaccin
singapor	4	innocul
singapor	4	venic
singapor	4	eww
singapor	4	newcastle unit
singapor	4	cecapore singapor
singapor	4	chinapore singapor
singapor	4	chicepore singapor
singapor	4	philippin
singapor	4	muslim
singapor	4	fossil fuel
singapor	4	singaporean
singapor	4	brunei dpmm football club
singapor	4	afc
singapor	4	a3i
singapor	4	csir
singapor	4	https://www.deccanherald.com/national/genetically-unique-strain-makes-40-of-coronavirus-in-india-844929.html
singapor	4	pm lee
singapor	4	NZ
singapor	4	hand hygiene mask
singapor	4	chines
singapor	4	marcella goh
singapor	4	bangkok
singapor	4	mehmut
singapor	4	australia mehmut
singapor	4	uighur muslim
singapor	4	xinjiang
singapor	4	goh
singapor	4	thailand
singapor	4	sgunit
singapor	4	EP
singapor	4	vietnam
singapor	4	ww2
singapor	4	japanes
singapor	4	china tourist
singapor	4	covid-19
singapor	4	heng ong huat
singapor	4	h of stat
singapor	4	idk
singapor	4	indian
singapor	4	majulah singapura
singapor	4	mrt
singapor	4	black death
singapor	4	european
singapor	4	the middle ag
singapor	4	covid pcr
singapor	4	hong kong
singapor	4	goodluck singapor
singapor	4	hdb
singapor	4	ceca
malaysia	4	korea
malaysia	4	vietnam
malaysia	4	mas selamat
korea	4	vietnam
vietnam	4	ww2
vietnam	4	vietnam
vietnam	4	japanes
vietnam	4	prc
vietnam	4	usa japan
vietnam	4	taiwan
vietnam	4	australia
vietnam	4	UK
vietnam	4	canada
vietnam	4	philippin
vietnam	4	russia
vietnam	4	EU
vietnam	4	huawei
vietnam	4	covid pcr
spf	4	standard
spf	4	merc
spf	4	saf
standard	4	merc
caucasian	4	chines
chines	4	singaporean
chines	4	marcella goh
chines	4	bangkok
chines	4	mehmut
chines	4	australia mehmut
chines	4	uighur muslim
chines	4	chines
chines	4	xinjiang
chines	4	goh
chines	4	asian
chines	4	wuhan
chines	4	xjp/ccp
covid-ridden	4	the ministry of health
bill gat	4	bill gat
bill gat	4	illuminati
bill gat	4	corona
illuminati	4	illuminati
illuminati	4	corona
corona	4	corona
local sinhgaporean	4	local
vaccin	4	innocul
covid-19	4	ong
covid-19	4	gan
covid-19	4	covid-19
covid-19	4	SG
covid-19	4	ccp
covid-19	4	black death
covid-19	4	european
covid-19	4	the middle ag
ong	4	gan
ccp	4	bribe
ccp	4	ccp
ccp	4	SG
ccp	4	wuhan
syazwan	4	pulau ubin
the cashin hous	4	the hungry ghost festiv
the cashin hous	4	the danga ghost c
the hungry ghost festiv	4	the danga ghost c
gerald	4	sheng shong
gerald	4	layar lrt
sheng shong	4	layar lrt
wah liao	4	hdb
hdb	4	hdb
SG	4	SG
SG	4	panama
SG	4	wuhan
SG	4	hijab
SG	4	NZ
SG	4	brunei
SG	4	chn
SG	4	america
haraedang haraedang haraedang	4	panas dan haraedang
newcastle unit	4	govt
newcastle unit	4	grace ho
newcastle unit	4	david le
cecapore singapor	4	chinapore singapor
cecapore singapor	4	chicepore singapor
cecapore singapor	4	philippin
chinapore singapor	4	chicepore singapor
chinapore singapor	4	philippin
chicepore singapor	4	philippin
philippin	4	prc
philippin	4	usa japan
philippin	4	taiwan
philippin	4	australia
philippin	4	UK
philippin	4	canada
philippin	4	russia
philippin	4	EU
philippin	4	huawei
philippin	4	philippin
philippin	4	singaporean
angela	4	whahahaha
s korea	4	japan
ST	4	singaporean
ST	4	ST
singaporean	4	muslim
singaporean	4	fossil fuel
singaporean	4	brunei dpmm football club
singaporean	4	afc
singaporean	4	singaporean
singaporean	4	indian
singaporean	4	ceca
singaporean	4	marcella goh
singaporean	4	bangkok
singaporean	4	mehmut
singaporean	4	australia mehmut
singaporean	4	uighur muslim
singaporean	4	xinjiang
singaporean	4	goh
singaporean	4	china tourist
singaporean	4	pmet
singaporean	4	blue
singaporean	4	banking to dishwash
singaporean	4	idk
singaporean	4	dpm
singaporean	4	GE
singaporean	4	indiaphilippinesetc
cna	4	stud
kena	4	mayb
macritchi reservoir	4	the ah kong amah
muslim	4	fossil fuel
muslim	4	brunei dpmm football club
muslim	4	afc
fossil fuel	4	brunei dpmm football club
fossil fuel	4	afc
brunei dpmm football club	4	afc
govt	4	grace ho
govt	4	david le
govt	4	sb
govt	4	mask
grace ho	4	david le
a3i	4	csir
a3i	4	https://www.deccanherald.com/national/genetically-unique-strain-makes-40-of-coronavirus-in-india-844929.html
csir	4	https://www.deccanherald.com/national/genetically-unique-strain-makes-40-of-coronavirus-in-india-844929.html
becos nov	4	US
US	4	skorea
US	4	natuna
US	4	sc
US	4	BS
US	4	xi jinp
US	4	democrat
US	4	xjp
US	4	liber
US	4	xjp/ccp
padang	4	padang
NZ	4	hand hygiene mask
NZ	4	brunei
sweden	4	switzerland
gst	4	sigh sigh sigh
america	4	asian
asian	4	covid
asian	4	icu
saf	4	nsf
mas selamat	4	causeway
bangladesh	4	bangladesh
ceca	4	hong kong
vacc	4	the lee ah mooi old age nursing hom
vacc	4	nation
vacc	4	ven shi fa rong
the lee ah mooi old age nursing hom	4	nation
the lee ah mooi old age nursing hom	4	ven shi fa rong
nation	4	ven shi fa rong
marcella goh	4	bangkok
marcella goh	4	mehmut
marcella goh	4	australia mehmut
marcella goh	4	uighur muslim
marcella goh	4	xinjiang
marcella goh	4	goh
bangkok	4	mehmut
bangkok	4	australia mehmut
bangkok	4	uighur muslim
bangkok	4	xinjiang
bangkok	4	goh
mehmut	4	australia mehmut
mehmut	4	uighur muslim
mehmut	4	xinjiang
mehmut	4	goh
australia mehmut	4	uighur muslim
australia mehmut	4	xinjiang
australia mehmut	4	goh
uighur muslim	4	xinjiang
uighur muslim	4	goh
xinjiang	4	goh
batam	4	batam
batam	4	sg harbourfront
batam	4	batam n
batam	4	indonesian
sg harbourfront	4	batam n
sg harbourfront	4	indonesian
batam n	4	indonesian
hdb flat	4	hdb flat
mnc	4	WP
WP	4	daniel cai
covid	4	CB
covid	4	icu
EP	4	EP
EP	4	nu
EP	4	ntu
natuna	4	sc
selamat	4	yang berhurmat
selamat	4	tuan perdana menteri
selamat	4	tuan pm
yang berhurmat	4	tuan perdana menteri
yang berhurmat	4	tuan pm
tuan perdana menteri	4	tuan pm
ww2	4	japanes
xiao	4	mrt
geylang	4	bto
cz3040	4	fast lan
cz3040	4	guangzhou airport
cz3040	4	the fast lan
cz3040	4	sg sg
fast lan	4	fast lan
fast lan	4	guangzhou airport
fast lan	4	the fast lan
fast lan	4	sg sg
guangzhou airport	4	the fast lan
guangzhou airport	4	sg sg
the fast lan	4	sg sg
mtf	4	mtf
masih	4	lee
ert	4	abc
ert	4	ert
ert	4	grf
abc	4	grf
grf	4	grf
wuhan	4	xjp/ccp
wuhan	4	communist
phv	4	lta
phv	4	grab
lta	4	grab
sb	4	mask
prc	4	usa japan
prc	4	taiwan
prc	4	australia
prc	4	UK
prc	4	canada
prc	4	russia
prc	4	EU
prc	4	huawei
prc	4	prc
usa japan	4	taiwan
usa japan	4	australia
usa japan	4	UK
usa japan	4	canada
usa japan	4	russia
usa japan	4	EU
usa japan	4	huawei
taiwan	4	australia
taiwan	4	UK
taiwan	4	canada
taiwan	4	russia
taiwan	4	EU
taiwan	4	huawei
australia	4	UK
australia	4	canada
australia	4	russia
australia	4	EU
australia	4	huawei
UK	4	canada
UK	4	russia
UK	4	EU
UK	4	huawei
UK	4	malaysian
canada	4	russia
canada	4	EU
canada	4	huawei
russia	4	EU
russia	4	huawei
EU	4	huawei
pmet	4	blue
pmet	4	banking to dishwash
blue	4	banking to dishwash
chalic	4	catholic mass.
chalic	4	epscop
catholic mass.	4	epscop
idk	4	singapore police forc
idk	4	idelle lum
english	4	calais de palai
english	4	dover
calais de palai	4	dover
xjp/ccp	4	communist
xjp/ccp	4	xjp/ccp
xjp/ccp	4	xi jinp
xjp/ccp	4	democrat
xjp/ccp	4	xjp
xjp/ccp	4	liber
communist	4	communist
so easili	4	the company/author
sg	4	sgrean
lou vii si	4	prem kumar
lou vii si	4	chew siu yuan
prem kumar	4	chew siu yuan
can't imagin	4	ski
can't imagin	4	maintenance materialist
ski	4	maintenance materialist
parliament	4	parliament
parliament	4	the parliament hous
parliament	4	LO
parliament	4	malay
nu	4	ntu
banyak	4	kiasu
xi jinp	4	democrat
xi jinp	4	xjp
xi jinp	4	liber
democrat	4	xjp
democrat	4	liber
xjp	4	liber
black death	4	european
black death	4	the middle ag
european	4	the middle ag
GE	4	indiaphilippinesetc
ministry of food	4	mof
cctv	4	chase
karen	4	karen
usa	4	hong kong
usa	4	taipei
usa	4	tibet
usa	4	netflix
usa	4	tik tok
hong kong	4	taipei
hong kong	4	tibet
hong kong	4	netflix
hong kong	4	tik tok
taipei	4	tibet
taipei	4	netflix
taipei	4	tik tok
tibet	4	netflix
tibet	4	tik tok
netflix	4	tik tok
tsim sha tsui	4	richard mil
richard mil	4	richard mil
thereof	4	united st
malay	4	malay
echo	4	sph
linette lai	4	phua kai hong
s'porean	4	nuh
s'porean	4	john wong
nuh	4	john wong
ippt	4	lol
indian	5	singapor
indian	5	prc
indian	5	chines
singapor	5	prc
singapor	5	chines
singapor	5	amazing &
singapor	5	prof jayakumar
singapor	5	mfa
&	5	jurong west
prc	5	chines
wah	5	ep sp
wah	5	EP
ep sp	5	EP
surpris	5	SG
surpris	5	wsh act
SG	5	wsh act
loh	5	whole singapor
prof jayakumar	5	mfa
