nxt	0	nxt
hotel	0	singaporean
singaporean	0	singapor
singaporean	0	singaporean
singaporean	0	hdb
singaporean	0	budget
singaporean	0	scm
singaporean	0	lta
singaporean	0	mnc
singaporean	0	vto
singaporean	0	malaysia
singaporean	0	ministry of tourism arts & cultur
singaporean	0	singapura
singaporean	0	pm lee
singaporean	0	GE
singaporean	0	the herald singapore majulah
singaporean	0	cambodia
singaporean	0	kut teh
singapor	0	singapor
singapor	0	hdb
singapor	0	budget
singapor	0	US
singapor	0	holland
singapor	0	netherland
singapor	0	learnt
singapor	0	malaysia
singapor	0	hong kong
singapor	0	soh rui yong
singapor	0	errh
singapor	0	UK
singapor	0	australia
singapor	0	rip
singapor	0	kumar
singapor	0	ministry of tourism arts & cultur
singapor	0	barack obama
singapor	0	michelle obama
singapor	0	lee hl
singapor	0	singaporeans congratul
singapor	0	best wish
singapor	0	mb
singapor	0	appl
singapor	0	AI
singapor	0	fintech
singapor	0	kut teh
singapor	0	merri
singapor	0	lee
hdb	0	budget
hdb	0	skp
hdb	0	nex
loan	0	loan
US	0	prc
US	0	errh
US	0	UK
US	0	australia
US	0	barack obama
US	0	michelle obama
US	0	msm
US	0	hkpf
US	0	US
US	0	eu & u
german	0	halimah
youtub	0	china
youtub	0	dji
china	0	dji
china	0	trump
china	0	u.s.
china	0	american
china	0	huawei
lta	0	lta
lta	0	stand chart
lta	0	the standard chartered marathon
lta	0	land transport author
lta	0	taxi & grab
lta	0	orient
lta	0	marina mandarin
prof ann we	0	rip
rip	0	mt elizabeth
rip	0	god
rip	0	alway
rip	0	kumar deepli
rip	0	kumar
fandi	0	joshua pereira
fandi	0	albirex nigata
fandi	0	fandi
fandi	0	sea
joshua pereira	0	albirex nigata
joshua pereira	0	sea
albirex nigata	0	sea
holland	0	netherland
holland	0	holland
certi	0	pmd
ttsh & sgh	0	swee keat
ttsh & sgh	0	pm lee
swee keat	0	pm lee
pm lee	0	singapura
pm lee	0	GE
pm lee	0	the herald singapore majulah
pm lee	0	herald
pm lee	0	national anthem
pm lee	0	truli
noel gobidass	0	a&e
a&e	0	mt e. polici
msian	0	msian
mélanie yang	0	audrey yang
malaysia	0	hong kong
malaysia	0	ministry of tourism arts & cultur
malaysia	0	malaysia
nut	0	ntu
nut	0	nu
ntu	0	nu
tokyo	0	thailand
tokyo	0	mnc
tokyo	0	japanes
f&b	0	aircraft
hong kong	0	christian
hong kong	0	muslim
pm lee the float	0	float
appl	0	steve job
appl	0	mb
appl	0	AI
appl	0	fintech
mnc	0	vto
mnc	0	japanes
vto	0	chicken
kian	0	ken ong
christian	0	muslim
ohhh	0	community hospit
errh	0	UK
errh	0	australia
UK	0	australia
nationality disorient	0	american
nationality disorient	0	america
nationality disorient	0	syria
american	0	america
american	0	syria
american	0	american
american	0	trump
american	0	u.s.
american	0	huawei
america	0	syria
syria	0	syria
mount elizabeth hospital’	0	’ve
ncl shar	0	shenton hous
moe	0	ielt
lee hl	0	the amalgamated union of public daily rated work
lee hl	0	audprw
lee hl	0	deepest condol
lee hl	0	paul volck
lee hl	0	rest
lee hl	0	singaporeans congratul
lee hl	0	best wish
the amalgamated union of public daily rated work	0	audprw
the amalgamated union of public daily rated work	0	deepest condol
audprw	0	deepest condol
organ	0	& lta
organ	0	vivo n
organ	0	harbourfrnt mrt
& lta	0	vivo n
& lta	0	harbourfrnt mrt
vivo n	0	harbourfrnt mrt
kumar deepli	0	kumar
trump	0	u.s.
trump	0	trump
trump	0	huawei
trump	0	democrat
u.s.	0	huawei
indonesian	0	joko widodo
paul volck	0	rest
paul volck	0	paul volck
felt	0	scb
jerlin tan shi ni larasalic	0	jennifer tan shihong zengting eng
uptron	0	dean
barack obama	0	michelle obama
msm	0	hkpf
msm	0	eu & u
hkpf	0	hkpf
hkpf	0	eu & u
F1	0	ppl
singapura	0	GE
singapura	0	the herald singapore majulah
GE	0	the herald singapore majulah
karen lee irene chia ricki	0	lee doran
karen lee irene chia ricki	0	zazzy terence jianming huang
lee doran	0	zazzy terence jianming huang
tamil	0	new citizen
tamil	0	bangladesh
tamil	0	pakistan
tamil	0	indian
tamil	0	malay
new citizen	0	bangladesh
new citizen	0	pakistan
new citizen	0	indian
new citizen	0	malay
bangladesh	0	pakistan
bangladesh	0	indian
bangladesh	0	malay
pakistan	0	indian
pakistan	0	malay
indian	0	malay
singaporeans congratul	0	best wish
n citi	0	robinson
n citi	0	upper cross
n citi	0	garden
n citi	0	plaza s
robinson	0	upper cross
robinson	0	garden
robinson	0	plaza s
upper cross	0	garden
upper cross	0	plaza s
garden	0	plaza s
rochor rd	0	victim
rochor rd	0	raffles hospit
rochor rd	0	bukit timah road & mackenzie road
rochor rd	0	kkh
victim	0	raffles hospit
victim	0	bukit timah road & mackenzie road
victim	0	kkh
raffles hospit	0	bukit timah road & mackenzie road
raffles hospit	0	kkh
bukit timah road & mackenzie road	0	kkh
mb	0	AI
mb	0	fintech
AI	0	fintech
lee honour	0	the pioneer gener
terry ke	0	the lutheran church
japanes	0	japan
japanes	0	japanes
plume ballroom @	0	suntec c
taxi & grab	0	orient
taxi & grab	0	marina mandarin
orient	0	marina mandarin
orient	0	orient
skp	0	nex
teamsg	0	teamsg
teamsg	0	the sea gam
teamsg	0	vietnam
teamsg	0	majulah singapura
the sea gam	0	vietnam
the sea gam	0	majulah singapura
vietnam	0	majulah singapura
stephani	0	jessie sng
stephani	0	jayden tan
stephani	0	shirley tan
jessie sng	0	jayden tan
jessie sng	0	shirley tan
jayden tan	0	shirley tan
benjamin ng	0	netflix
hui	0	amanda xj
cyndi kwek k	0	mike kwek
japan	0	japan
merri	0	lee
footpath	0	footpath
singaporean	1	singaporean
singaporean	1	singapor
singaporean	1	the sky garden
singaporean	1	asean
singaporean	1	majulah singapura
singaporean	1	mdm ho
singaporean	1	always smile...
singaporean	1	selamat pagi singapura
singaporean	1	&
singaporean	1	obama
singaporean	1	a happy new year
singaporean	1	harvard
singaporean	1	pm lee singapore'
singaporean	1	michelle obama
singaporean	1	newseum
singaporean	1	lee hsien loong
singaporean	1	korea
singaporean	1	korean
singaporean	1	lebanon
singaporean	1	beirut
singaporean	1	hahaha
singaporean	1	pm lee
singaporean	1	state crest
singaporean	1	city hal
singaporean	1	singapore soci
singaporean	1	super
singaporean	1	japan
singaporean	1	lki
singaporean	1	organis
singaporean	1	sentosa
singaporean	1	tua
singaporean	1	changi
singaporean	1	pulau ubin
singaporean	1	govt lta &
singaporean	1	japanes
singaporean	1	eng kong road
singaporean	1	science park
university of hul	1	better mba
daftar aplikasi shopping fingo secara percuma	1	shopee & lazada
daftar aplikasi shopping fingo secara percuma	1	daftar percuma
daftar aplikasi shopping fingo secara percuma	1	voucher
shopee & lazada	1	daftar percuma
shopee & lazada	1	voucher
daftar percuma	1	voucher
changi airport	1	lim chu kang
changi airport	1	causeway
lim chu kang	1	causeway
lee	1	alway
lee	1	tim cook welcom
lee	1	singapor
lee	1	god bless singapor
lee	1	US
lee	1	obama
lee	1	pm mr lee
lee	1	nice
lee	1	ong
lee	1	moe
lee	1	merri
lee	1	lee
lee	1	tim cook
lee	1	thk
lee	1	superb
lee	1	asia square tow
lee	1	merry xma
lee	1	mdm ho
pm lee	1	singapore softbal
pm lee	1	cook
pm lee	1	tiong bahru’
pm lee	1	enjoy
pm lee	1	appl
pm lee	1	tim cook
pm lee	1	congratul
pm lee	1	singapor
pm lee	1	merry xma
pm lee	1	barack obama
pm lee	1	asean
pm lee	1	god
pm lee	1	bless
pm lee	1	love joy
pm lee	1	mdm ho ch
pm lee	1	par vathi
pm lee	1	vikrant g.
pm lee	1	raffles c
pm lee	1	mrs lee
pm lee	1	ica
pm lee	1	shalom shalom
pm lee	1	this singapore song
pm lee	1	a degree holder’
pm lee	1	london
pm lee	1	state crest
pm lee	1	city hal
pm lee	1	3m+1
pm lee	1	mrs wee
pm lee	1	lki
pm lee	1	malaysia
pm lee	1	independ
pm lee	1	united independ
pm lee	1	asian
pm lee	1	lg v20
pm lee	1	state
pm lee	1	kudos singapor
cook	1	tiong bahru’
lee hl	1	the transportation ministry of transport singapor
lee hl	1	land transport author
lee hl	1	blessed christma
lee hl	1	mrs lee-ho ch
lee hl	1	mr esm goh ct
lee hl	1	blessed new year
the transportation ministry of transport singapor	1	land transport author
italian	1	chef
croatia	1	coach
tim cook welcom	1	singapor
singapor	1	lee bless
singapor	1	singapor
singapor	1	proud singaporean
singapor	1	lee hsien loong
singapor	1	bless
singapor	1	mrs wee
singapor	1	tim cook
singapor	1	appl
singapor	1	tiny red dot  
singapor	1	gold
singapor	1	US
singapor	1	obama
singapor	1	pm mr lee
singapor	1	famili
singapor	1	pm lee hsien loong
singapor	1	the united st
singapor	1	mathematical olympiad
singapor	1	lee wish
singapor	1	compass
singapor	1	l quang
singapor	1	l hin long
singapor	1	santa clau
singapor	1	ho ch
singapor	1	chaitri
singapor	1	merri
singapor	1	majulah singapura
singapor	1	louie horhe mao - prim
singapor	1	rui yong
singapor	1	america
singapor	1	african
singapor	1	british
singapor	1	the republic of singapor
singapor	1	the world
singapor	1	glad
singapor	1	normaci
singapor	1	extra chair
singapor	1	govt
singapor	1	habib
singapor	1	youtub
singapor	1	thanks the straits tim
singapor	1	&
singapor	1	a happy new year
singapor	1	the j. school
singapor	1	unit
singapor	1	epl
singapor	1	recognit
singapor	1	gold medals  
singapor	1	mrs obama
singapor	1	japan
singapor	1	this singapore song
singapor	1	mrs barack obama
singapor	1	doug ingram
singapor	1	barack obama'
singapor	1	welcom
singapor	1	canada
singapor	1	ban
singapor	1	state crest
singapor	1	city hal
singapor	1	malaysia
singapor	1	pulau ubin kusu
singapor	1	pulau tekong
singapor	1	kim jong-un
singapor	1	asian
singapor	1	american
singapor	1	drew
singapor	1	napier
singapor	1	super
singapor	1	mdm ho ch
singapor	1	traffic
singapor	1	KL
singapor	1	iran
singapor	1	iranian
singapor	1	iraq
singapor	1	miss jayamani
singapor	1	rip
singapor	1	kumar
singapor	1	cna
singapor	1	god
singapor	1	our health science author
singapor	1	standard chart
singapor	1	bonito
singapor	1	ephrem goh
singapor	1	reserv
singapor	1	barack obama
singapor	1	lovely photo for them!
singapor	1	indonesia
singapor	1	fandi
singapor	1	state
singapor	1	kudos singapor
singapor	1	bangkok
singapor	1	cambodia
l.p	1	l.p
l.p	1	l.p.
l.p	1	firmino
l.p	1	barcelona real madrid
l.p	1	itali
l.p.	1	firmino
l.p.	1	barcelona real madrid
l.p.	1	itali
l.p.	1	l.p.
firmino	1	barcelona real madrid
firmino	1	itali
barcelona real madrid	1	itali
newton food center 1/2000	1	iso 125
newton food center 1/2000	1	x ray film
iso 125	1	x ray film
texas fried chicken	1	jolliybe
lee hsien loong	1	harry pott
lee hsien loong	1	the republic of singapor
lee hsien loong	1	the world
lee hsien loong	1	korea
lee hsien loong	1	korean
lee hsien loong	1	command
lee hsien loong	1	general staff colleg
kim song	1	s rajagop
kim song	1	fandi ahmad
kim song	1	sundram
s rajagop	1	fandi ahmad
s rajagop	1	sundram
fandi ahmad	1	sundram
washington post	1	trump
washington post	1	straits tim
trump	1	straits tim
trump	1	hsr
trump	1	lsr
trump	1	ang moh
trump	1	chines
mahathir	1	mahathir
jeffrey ng	1	kim chong ng
jeffrey ng	1	christian
jeffrey ng	1	claus post
kim chong ng	1	christian
kim chong ng	1	claus post
kopitiam towgay went toto	1	har
bless	1	famili
bless	1	god
bless	1	love joy
appl	1	tim cook
appl	1	congratul
appl	1	appl
tim cook	1	congratul
tim cook	1	friend
combined schools socc	1	soccer
justin chia	1	coz
merri	1	lee & family & everyon
merri	1	pmlee
merri	1	mrs lee
merri	1	pm lee hav
merri	1	lee wish
merri	1	Gd
merri	1	lee &
sammi cheng'	1	sammi
sammi cheng'	1	sammi cheng
sammi	1	sammi cheng
sammi	1	tango
sammi	1	andi
sammi	1	jaq
merry xma	1	lee n famili
merry xma	1	ong chalmers wong
merry xma	1	mdm ho
school	1	quah
school	1	glad
quah	1	glad
glad	1	normaci
glad	1	welding glass shad
glad	1	the welding glass
eto	1	david jenni
eto	1	aesrac
eto	1	joy ortiz villaceran
david jenni	1	aesrac
david jenni	1	joy ortiz villaceran
aesrac	1	joy ortiz villaceran
china	1	japan
china	1	xi n trump
china	1	youtub
china	1	china
china	1	rip
china	1	south korea
china	1	best wish
china	1	amk
japan	1	japanes
japan	1	msia
japan	1	indonesia
japan	1	japan
japan	1	oecd
japan	1	american
japan	1	learnt
japan	1	super
japan	1	south korea
japan	1	best wish
japan	1	yamato
japan	1	manga
japan	1	forgiv
japan	1	abe
holland	1	holland
aplikasi auto	1	aplikasi
aplikasi auto	1	cara
aplikasi	1	cara
solskjaer	1	solskjaer
solskjaer	1	man u.
thankfully adobe lightroom	1	dng
US	1	obama
US	1	pm mr lee
US	1	US
US	1	iran
US	1	chines
US	1	iranian
US	1	iraq
US	1	sengkang
US	1	yishun
US	1	UK
US	1	australianew zealand
US	1	leg
US	1	singapore millions of foreign
US	1	this regime money
US	1	citizen
US	1	vto
obama	1	pm mr lee
obama	1	the white hous
obama	1	america
obama	1	&
obama	1	a happy new year
obama	1	welcom
gov	1	gst
korea	1	korea
korea	1	SG
korea	1	korean
SG	1	national geograph
SG	1	s'porean
SG	1	brunei
SG	1	hahahahaha
SG	1	rip
barack obama	1	asean
barack obama	1	america
barack obama	1	lovely photo for them!
pm lee hsien loong	1	the united st
pm lee hsien loong	1	mathematical olympiad
pm lee hsien loong	1	nice
pm lee hsien loong	1	yeayyy
the united st	1	mathematical olympiad
the united st	1	the united st
cathedr	1	saint
cathedr	1	st. andrews cathedral singapor
saint	1	st. andrews cathedral singapor
cheer chaitri	1	chai
Pi	1	stanford
Pi	1	Pi
Pi	1	https://minepi.com/joshuahogwokhin
stanford	1	https://minepi.com/joshuahogwokhin
fusionpoli	1	samsung not
nice	1	yeayyy
nice	1	cantones
nice	1	jb city squar
nice	1	singapore mr
nice	1	toh garden
god	1	love joy
ong	1	moe
ong	1	ong
samsung galaxi	1	ND
samsung galaxi	1	tanjong pagar
samsung galaxi	1	o'asia hotel
ND	1	tanjong pagar
ND	1	o'asia hotel
ND	1	powershot
tanjong pagar	1	o'asia hotel
harbourfront	1	nd8
harbourfront	1	iso
nd8	1	iso
pmlee	1	mrs lee
kang n lim chu	1	kang rdso
the white hous	1	america
america	1	african
america	1	american
america	1	mexican
observ	1	malaysia
observ	1	jacky le
malaysia	1	jacky le
malaysia	1	the illuminati illuminati
malaysia	1	UK
malaysia	1	kenya
malaysia	1	india
malaysia	1	pakistan
malaysia	1	ghana
malaysia	1	nairobi
malaysia	1	malaysian
malaysia	1	lki
malaysia	1	independ
malaysia	1	united independ
malaysia	1	malaysia
ryan foden	1	y2k
japanes	1	malay
japanes	1	oecd
japanes	1	american
japanes	1	japanes
japanes	1	karoshi
japanes	1	yamato
lee wish	1	compass
hippocrat	1	rolex
robert	1	sifu
robert	1	su hua
love	1	mighty smart
love	1	care
mighty smart	1	care
l quang	1	l hin long
msia	1	indonesia
today marathon	1	milo
mr lee	1	jalanjalan
mr lee	1	chweekuey nasi padang
mr lee	1	indian
jalanjalan	1	chweekuey nasi padang
jalanjalan	1	indian
chweekuey nasi padang	1	indian
indian	1	santha kumar
indian	1	hahaha
indian	1	yale nu
indian	1	india
santa clau	1	ho ch
santa clau	1	chaitri
ho ch	1	chaitri
chaitri	1	rip
the home team science and technology ag	1	htxme team
taiwan	1	kmt
baru	1	pasir ri
the university of georgia	1	hong kong
hong kong	1	totally brainwash
hong kong	1	western moneys & fake news whatev
macau	1	macau
changi hilton	1	sgrean
majulah singapura	1	national anthem of singapor
mdm ho	1	sovereignti
par vathi	1	vikrant g.
peter i’m	1	unesco
ura centr	1	maxwel
toronto	1	canada
british	1	british
cher hui yen	1	looi kt cher
standard chart	1	pulau ubin
standard chart	1	lta
standard chart	1	WP
pulau ubin	1	organis
pulau ubin	1	sentosa
pulau ubin	1	tua
pulau ubin	1	changi
pulau ubin	1	govt lta &
parliament	1	sop
pedestrian	1	rip
rip	1	kumar
islam	1	quran'w
islam	1	great human
the republic of singapor	1	the world
youtub	1	habib
youtub	1	arthur soh
youtub	1	sb
u22	1	u18
u22	1	u22
u22	1	young lion
u18	1	young lion
brexit	1	britain
brexit	1	EU
brexit	1	boris johnson
britain	1	EU
britain	1	boris johnson
EU	1	boris johnson
bushfir	1	australia
man citi	1	liverpool
man citi	1	manchester unit
liverpool	1	manchester unit
butter k	1	black gold msw
keith teo	1	XD
always smile...	1	selamat pagi singapura
sersngoon centr	1	samsung
oecd	1	american
american	1	kim jong-un
american	1	asian
american	1	mexican
ntu	1	raudah yassin
ntu	1	bro
godlik	1	sociopath
cantones	1	jb city squar
dickson chan	1	max lee hong hui michelle pang
&	1	a happy new year
&	1	maranatha
daniel fang	1	lee kong
daniel fang	1	chian natur
daniel fang	1	history musuem
lee kong	1	chian natur
lee kong	1	history musuem
chian natur	1	history musuem
scb	1	pcn
scb	1	nauya
pcn	1	pcn
pcn	1	nauya
prime minist	1	be bless
unit	1	epl
illuminati	1	illuminati
illuminati	1	freemason
illuminati	1	whatsapp
freemason	1	whatsapp
recognit	1	gold medals  
harvard	1	pm lee singapore'
harvard	1	harvard
harvard	1	michelle obama
harvard	1	newseum
pm lee singapore'	1	michelle obama
pm lee singapore'	1	newseum
michelle obama	1	newseum
merry chrirtma	1	sg/usa
mrt	1	mrt
mrt	1	p.s.
mrt	1	lta
mrt	1	aonsk
mrt	1	smrt
mrt	1	marina mandarin
mrt	1	the city hal
mrt	1	esplanade mrt
thk	1	superb
hsr	1	lsr
lta	1	the costing economics and network develop
lta	1	bt timah
lta	1	lta
lta	1	sbst
lta	1	nu
lta	1	boon lay
lta	1	run
lta	1	sporean
lta	1	the land transport author
lta	1	this stanchart marathon
lta	1	the standard chartered singapore marathon
lta	1	WP
lta	1	standchart
amk	1	amk
mother teresa	1	great
lebanon	1	beirut
rip mrs we	1	harry we
hahaha	1	yale nu
hahaha	1	india
the illuminati illuminati	1	UK
the illuminati illuminati	1	kenya
the illuminati illuminati	1	india
the illuminati illuminati	1	pakistan
the illuminati illuminati	1	ghana
the illuminati illuminati	1	nairobi
UK	1	kenya
UK	1	india
UK	1	pakistan
UK	1	ghana
UK	1	nairobi
UK	1	australianew zealand
UK	1	leg
UK	1	singapore millions of foreign
UK	1	this regime money
UK	1	citizen
UK	1	vto
kenya	1	india
kenya	1	pakistan
kenya	1	ghana
kenya	1	nairobi
india	1	pakistan
india	1	ghana
india	1	nairobi
india	1	doctor
india	1	polyclin
india	1	yale nu
pakistan	1	ghana
pakistan	1	nairobi
ghana	1	nairobi
malaysian	1	anwar
cycl	1	enjoy cycl
gerard kristan	1	nadaison melani
irfaan	1	irfan shalickylicki
irfaan	1	muhammad alif
irfan shalickylicki	1	muhammad alif
learn	1	tnp
egg	1	vto
vto	1	GE
vto	1	australianew zealand
vto	1	leg
vto	1	singapore millions of foreign
vto	1	this regime money
vto	1	citizen
edgar xavi	1	rip  
totally brainwash	1	western moneys & fake news whatev
fact	1	fart
doctor	1	polyclin
bad government manag	1	the citizens first
jian xin sito	1	mb
st log'	1	st log
F1	1	F1
standard chartered singapore marathon	1	biggest
evolve mma far	1	mma
evolve mma far	1	changi
mma	1	changi
changi	1	organis
changi	1	sentosa
changi	1	tua
changi	1	govt lta &
the costing economics and network develop	1	bt timah
the costing economics and network develop	1	sbst
the costing economics and network develop	1	nu
the costing economics and network develop	1	boon lay
the costing economics and network develop	1	run
bt timah	1	sbst
bt timah	1	nu
bt timah	1	boon lay
bt timah	1	run
sbst	1	nu
sbst	1	boon lay
sbst	1	run
nu	1	boon lay
nu	1	run
nu	1	the education ministri
nu	1	nu
boon lay	1	run
u mdm ho ching &	1	happy & blessed new
a degree holder’	1	london
london	1	zhao
london	1	britt
lucky plaza	1	philippin
state crest	1	city hal
lee n famili	1	ong chalmers wong
tua	1	lol
tua	1	organis
tua	1	sentosa
tua	1	govt lta &
tua	1	changi coast road
lol	1	sph
lol	1	andy hui
timothy koh hu	1	chang logan
timothy koh hu	1	ding feng phai
chang logan	1	ding feng phai
daughter erika	1	health happen
daughter erika	1	success
health happen	1	success
inna	1	al fatehah
sentosa	1	beachpatrol
sentosa	1	organis
sentosa	1	govt lta &
standard chartered singapore sham	1	Ya
standard chartered singapore sham	1	park
standard chartered singapore sham	1	pcn can be organis
Ya	1	park
Ya	1	pcn can be organis
park	1	pcn can be organis
bicentenni	1	bodoh mothership
brunei	1	brunei
wait	1	leav
ang moh	1	chines
chines	1	p. m. at
chines	1	sinaporrian
pulau ubin kusu	1	pulau tekong
iran	1	iranian
iran	1	iran
iran	1	iraq
scott lang	1	the quamtum realm
masjid al islah	1	punggol
masjid al islah	1	any guess
masjid al islah	1	#
punggol	1	any guess
punggol	1	#
any guess	1	#
kim jong-un	1	asian
asian	1	tim
grace	1	keep
wah	1	JP
tan tock seng hospit	1	sgh
tan tock seng hospit	1	ferrari
sgh	1	ferrari
ferrari	1	raffles hospit
drew	1	napier
arthur soh	1	sb
biden	1	ukrain
biden	1	democrat
ukrain	1	democrat
traffic	1	KL
singapore swimming team	1	can't
nicolas jankovic yanis idri	1	antonio
shenzhen	1	hongkong
derek ho	1	derek
aonsk	1	smrt
GE	1	gov't
iranian	1	iraq
lrt	1	jam
the straits times ninjavan	1	https://www.straitstimes.com/business/companies-markets/singtel-fined-25000-and-ninja-van-90000-for-data-breach
SC	1	SC
kumar	1	salut
to===	1	the republic of singapore sportsmen
iphon	1	the bt nature reserv
gong xi fa cai	1	kong hee fatt choy
kaitlin	1	cassie banka
a&e	1	centr
lee kuan ye	1	the british surrend
lee kuan ye	1	soynatoo
the british surrend	1	soynatoo
jewel	1	bill
jewel	1	jewel
south korea	1	best wish
best wish	1	white hair
best wish	1	gob bless
denni	1	göktaş minimum far
greatest	1	mrs lee hsien loong
welding glass shad	1	the welding glass
xma	1	pmd
white hair	1	gob bless
marina mandarin	1	the city hal
marina mandarin	1	esplanade mrt
the city hal	1	esplanade mrt
f&b	1	muslim
muslim	1	muslim
nsf	1	hollywood
sengkang	1	yishun
sph	1	tablet
rip bro	1	kumar & condol
rip bro	1	blk.228 jurong
kumar & condol	1	blk.228 jurong
christian	1	claus post
tango	1	andi
tango	1	jaq
andi	1	jaq
lki	1	independ
lki	1	united independ
independ	1	united independ
andy hui	1	kenneth ma
andy hui	1	andy hui
andy hui	1	jacq
andy hui	1	nicholas ts
andy hui	1	faye wong
vision2020	1	sg pioneer
organis	1	govt lta &
kenneth ma	1	jacq
kenneth ma	1	kenneth ma
Jo	1	Jo
hdb	1	people’s park
machi machi	1	arab
mr esm goh ct	1	blessed new year
australianew zealand	1	leg
australianew zealand	1	singapore millions of foreign
australianew zealand	1	this regime money
australianew zealand	1	citizen
leg	1	singapore millions of foreign
leg	1	this regime money
leg	1	citizen
singapore millions of foreign	1	this regime money
singapore millions of foreign	1	citizen
this regime money	1	citizen
namo	1	namo
nicholas ts	1	faye wong
uncle robert	1	lifeguard
uncle robert	1	sec school
lifeguard	1	sec school
ecommerc	1	asia japanes
dearest	1	god bless u & your famili
farrer park	1	earn
sue tran	1	tom dick
sue tran	1	cnm
tom dick	1	cnm
zhao	1	britt
mediacorp	1	happy holiday
sm	1	grab
sm	1	gojek
grab	1	gojek
indra gandhi	1	singapore armi
map scott	1	moulmein
state	1	kudos singapor
new zealand	1	looks delishimo
p. m. at	1	sinaporrian
command	1	general staff colleg
forgiv	1	abe
tuas south	1	the straits of johor
tokyo	1	bust express
tokyo	1	stupiak
bust express	1	stupiak
1mdb pilgrimage and pens	1	ferragamo
1mdb pilgrimage and pens	1	hugo boss
ferragamo	1	hugo boss
the bukit batok fir	1	mdm goh
russell ng ivanna	1	gogniat tan
singapore police forc	1	mohd hafidz
singapore police forc	1	joseph schooling'
singapore police forc	1	sports hub
mohd hafidz	1	joseph schooling'
mohd hafidz	1	sports hub
joseph schooling'	1	sports hub
eng kong road	1	science park
omg	1	joseph school
cathol	2	cathol
obama	2	obama
tim	2	pm lee
lol	2	singaporean
lee hsien loong congratul	2	& congratul
jail	2	india
william opt	2	iso 100 f/5.6
lim chu kan	2	tengah
lee	2	u n mr.obama
ritchi	3	ritchi
malaysia	3	kl/pj
malaysia	3	malaysia
malaysia	3	A1
malaysia	3	general hospit
malaysia	3	myanmar
anthony wong	3	jackie chan
rais	3	singaporean
singaporean	3	transcab
singaporean	3	china
singaporean	3	singapor
singaporean	3	appli
singaporean	3	singaporean
singaporean	3	cha
singaporean	3	american
singaporean	3	malaysian
singaporean	3	japanes
singaporean	3	AC
singaporean	3	usa
singaporean	3	canadian
singaporean	3	british
singaporean	3	rip
singaporean	3	changi airport
singaporean	3	PM
singaporean	3	the national anthem
singaporean	3	glad
singaporean	3	a happy new year
singaporean	3	mrt
singaporean	3	heartland mal
GE	3	GE
GE	3	vyo
singapor	3	india
singapor	3	similarly mrt
singapor	3	tang
singapor	3	malik aljuni
singapor	3	singapore athlet
singapor	3	mahathir
singapor	3	malaysian
singapor	3	hsr
singapor	3	singapor
singapor	3	transcab
singapor	3	china
singapor	3	pm lee
singapor	3	japanes
singapor	3	lee kuan yew
singapor	3	victim
singapor	3	japan
singapor	3	tokyo bust express
singapor	3	takagi ramen shop
singapor	3	SG
singapor	3	indonesia
singapor	3	singapore pioneer gener
singapor	3	the merdeka gener
singapor	3	lao
singapor	3	fandi
singapor	3	brunei
singapor	3	ann we
singapor	3	merri
singapor	3	US
singapor	3	iraq
singapor	3	bush jr
singapor	3	british
singapor	3	american
singapor	3	jackpot
singapor	3	canada
singapor	3	kpi
singapor	3	moe
singapor	3	hongkong
singapor	3	rip
singapor	3	jurong point
singapor	3	rayi deepavali vesak day
singapor	3	semangat
singapor	3	lky’
singapor	3	G.
singapor	3	lee
singapor	3	asean
singapor	3	obama
india	3	india
india	3	Pm
india	3	mke india save for woman
india	3	indonesia
india	3	thailand
UK	3	conserv
UK	3	UK
UK	3	gregory st
UK	3	allow
conserv	3	gregory st
yayaya	3	american
american	3	zionist
american	3	israel
american	3	palestinian
american	3	unit
american	3	arab
american	3	british
american	3	malaysian
american	3	japanes
american	3	AC
american	3	american
american	3	US
american	3	china
american	3	chines
american	3	america
american	3	democrat
american	3	senat
american	3	republican
american	3	texa
american	3	bcoz
american	3	trump
usait	3	philippin
philippin	3	yemeni
philippin	3	uae
philippin	3	najran saudi arabia
parti	3	Xi
parti	3	china
parti	3	xi jinping'
parti	3	harvard
parti	3	hong kong
Xi	3	china
Xi	3	xi jinping'
Xi	3	harvard
Xi	3	hong kong
china	3	xi jinping'
china	3	harvard
china	3	hong kong
china	3	hongki
china	3	chines
china	3	transcab
china	3	america
china	3	apple earpiecewhich
china	3	without trump
china	3	asean
china	3	boss
china	3	ccp
china	3	wto
china	3	phonic
china	3	US
china	3	australia
china	3	jack ma
china	3	north korea
china	3	trump
china	3	indonesian
china	3	usa
china	3	iran
xi jinping'	3	harvard
xi jinping'	3	hong kong
harvard	3	hong kong
hong kong	3	hong ke
hong kong	3	retail outlets mtr stations and banks 24/7
hong kong	3	wallop
punish	3	pab
retail	3	sea
rubbish	3	mount elizabeth
rubbish	3	sgh
rubbish	3	nu
rubbish	3	nuh
mount elizabeth	3	sgh
mount elizabeth	3	nu
mount elizabeth	3	nuh
mount elizabeth	3	pro bono
mount elizabeth	3	a&e
sgh	3	nu
sgh	3	nuh
nu	3	nuh
tang	3	malik aljuni
tang	3	singapore athlet
malik aljuni	3	singapore athlet
chef	3	sgrean
diy	3	spf
driver	3	driver
zionist	3	israel
zionist	3	palestinian
zionist	3	unit
zionist	3	zionist
zionist	3	arab
zionist	3	british
israel	3	palestinian
israel	3	unit
israel	3	arab
israel	3	british
israel	3	israel
israel	3	isra
israel	3	george yeo
israel	3	lhl
israel	3	el al airlin
palestinian	3	unit
palestinian	3	arab
palestinian	3	british
unit	3	arab
unit	3	british
arab	3	british
british	3	japanes
irfan	3	iksan
mahathir	3	malaysian
mahathir	3	hsr
mahathir	3	mahathir
malaysian	3	hsr
malaysian	3	lta
malaysian	3	traffic polic
malaysian	3	japanes
malaysian	3	AC
omg	3	yishun
chines	3	america
chines	3	huawei
chines	3	the united st
chines	3	communist parti
chines	3	chines
chines	3	untouch
chines	3	aloysius ngsimon ying “consum
chines	3	bcoz
japanes	3	imho
japanes	3	gumi
japanes	3	japanes
japanes	3	lee kuan yew
japanes	3	AC
japanes	3	victim
japanes	3	japan
japanes	3	know
japanes	3	america
japanes	3	french
japanes	3	singapore cuisin
bank	3	credit
weekend	3	wast
korea	3	usa
korea	3	tokyo
korea	3	thailand
usa	3	usa
usa	3	canadian
usa	3	tokyo
usa	3	iran
jacqueline wong	3	andy hui
lta	3	road clos
lta	3	bank marathon
lta	3	lta
lta	3	ban
lta	3	SC
lta	3	traffic polic
lta	3	scb
lta	3	wale
lta	3	ica
lta	3	ST
lta	3	media
lta	3	geoff mey
road clos	3	bank marathon
road clos	3	ban
bank marathon	3	ban
selera kita	3	mee rebu
pmd	3	bmw
pmd	3	govt
marketing executive posit	3	delivery personnel
marketing executive posit	3	delivery ord
delivery personnel	3	delivery ord
donald trump	3	UN
donald trump	3	ukrain
UN	3	ukrain
the majulah singapura	3	the peoples voice!
muslim	3	malay
liverpool	3	the league cup
liverpool	3	ST
liverpool	3	lol
pm lee	3	ann we
pm lee	3	silvana mikhail
pm lee	3	riyadh
pm lee	3	herald
pm lee	3	bless
pm lee	3	cheers chaitri
bill clinton	3	lewinski
pro bono	3	a&e
japan	3	aokigahara
japan	3	victim
japan	3	know
japan	3	joey chen
pl	3	shiek pau
pl	3	han
pl	3	hkg
pl	3	suffer
pl	3	prospect
shiek pau	3	han
shiek pau	3	hkg
shiek pau	3	suffer
shiek pau	3	prospect
han	3	hkg
han	3	suffer
han	3	prospect
hkg	3	suffer
hkg	3	prospect
suffer	3	prospect
chinatown point &	3	sentosa
america	3	iranian
america	3	america
america	3	iran
huawei	3	the united st
huawei	3	communist parti
huawei	3	untouch
the united st	3	communist parti
the united st	3	untouch
communist parti	3	untouch
youtub	3	lrt
youtub	3	lol
lol	3	lah
lol	3	ST
fandi	3	fandi
fandi	3	lao
fandi	3	brunei
fandi	3	SG
tokyo	3	bust express
tokyo	3	zheng wen
kianoush imani	3	xma
SG	3	ms univers
SG	3	mrs pck
SG	3	economist
SG	3	SG
SG	3	lao
SG	3	brunei
SG	3	marathon
SG	3	claw frenzi
SG	3	rip
ms univers	3	mrs pck
cat fight	3	neighbour
republican	3	democrat
republican	3	senat
republican	3	texa
republican	3	republican
republican	3	hous
democrat	3	hous
democrat	3	trump
democrat	3	senat
democrat	3	democrat
democrat	3	texa
scb	3	wale
scb	3	tua
fa	3	nsf
bryan mok gerald tan z	3	taj
alihandro verga ian mo md	3	muhammad ridhwan ibrahim
airport	3	dun
mvc	3	vue react
gian	3	balong
gian	3	garcia rico gr
balong	3	garcia rico gr
isra	3	george yeo
isra	3	lhl
isra	3	el al airlin
george yeo	3	lhl
george yeo	3	el al airlin
lhl	3	el al airlin
omg dean ko	3	mbfc
omg dean ko	3	mb
mbfc	3	mb
without trump	3	asean
asean	3	next
asean	3	idiot
asean	3	tom dick
asean	3	harri
ST	3	anti-trump
ST	3	ica
ST	3	ST
ccp	3	wto
ccp	3	xjp
khem	3	ldp
halved r	3	carpark of plaza singapura
meh	3	meh
iranian	3	iranian
iranian	3	iran
iphone 8	3	ktph
tua	3	pulau ubin la
tua	3	run
indonesia	3	singapore pioneer gener
indonesia	3	the merdeka gener
indonesia	3	thailand
singapore pioneer gener	3	the merdeka gener
nicholas chua	3	msia
lao	3	brunei
hous	3	trump
US	3	iraq
US	3	bush jr
angbao	3	angbao
istana	3	woodsland
izad roslan sg	3	a&w
izad roslan sg	3	sabah
izad roslan sg	3	human-eleph
a&w	3	sabah
a&w	3	human-eleph
sabah	3	human-eleph
kbkb	3	tqvm
merri	3	lee
merri	3	members:)may
lee	3	members:)may
lee	3	tuhan
lee	3	merry xma
lee	3	yew te
learn	3	ubin
iraq	3	bush jr
silvana mikhail	3	riyadh
ramli sarip	3	ndp
ramli sarip	3	zubir said
ramli sarip	3	ramil sarip
La	3	amin
next	3	idiot
next	3	tom dick
next	3	harri
idiot	3	tom dick
idiot	3	harri
tom dick	3	harri
PM	3	lee hsien loong & singapor
thia sal	3	teamsg
thia sal	3	the sea gam
thia sal	3	vietnam
thia sal	3	majulah singapura
teamsg	3	teamsg
teamsg	3	the sea gam
teamsg	3	vietnam
teamsg	3	majulah singapura
the sea gam	3	vietnam
the sea gam	3	majulah singapura
vietnam	3	majulah singapura
namo	3	namo
zubir said	3	zubir said
joker	3	joker
joker	3	franc
joker	3	england nigeria
franc	3	england nigeria
kpi	3	moe
bukit panjang	3	huawei p9
bt gombak	3	kampong bahru
pmlee	3	best wish
pmlee	3	nice
best wish	3	nice
aiyo mothership.sg	3	sengkang lrt
govt	3	agenc
Pm	3	mke india save for woman
souper tang	3	super
rachel eck blake andrew	3	charlotte hil
rachel eck blake andrew	3	anderson gulick
charlotte hil	3	anderson gulick
math	3	add math
flat earth	3	moon
flat earth	3	sun
moon	3	sun
ica	3	ica
chuchin tai	3	hahahahaha
time	3	uncle chan
time	3	ikram hassan
singapore mr &	3	l
roti	3	unesco
vikrant g. par vathi	3	lingesh segar
wong	3	done
wong	3	mavic pro
wong	3	caa
kang	3	kang
manpow	3	vivian balakrishnan
mavic pro	3	caa
anwar	3	kee chiu
anwar	3	ah chiu pa
kee chiu	3	ah chiu pa
ken	3	singapore soci
senat	3	texa
shu kai hu	3	memoris
a cross-countri	3	macritchi
JB	3	run
JB	3	lego
run	3	lego
hdb	3	starhub
hdb	3	Sg
young lion	3	lion
young lion	3	the youth women
young lion	3	the national team
lion	3	the youth women
lion	3	the national team
the youth women	3	the national team
kuku	3	changi
kuku	3	suku
changi	3	suku
yemeni	3	uae
yemeni	3	najran saudi arabia
uae	3	najran saudi arabia
barbar	3	mynah
bukit timah nature reserv	3	macritchie reservoir
french	3	singapore cuisin
semangat	3	lky’
semangat	3	G.
lky’	3	G.
ridge liu	3	james chow
formula	3	F1
mrt	3	mrt
the ground response force gurkha contingent criminal investigation depart	3	k-9 unit
scb &	3	kenya
hong ke	3	retail outlets mtr stations and banks 24/7
hong ke	3	hong ke
hong ke	3	wallop
retail outlets mtr stations and banks 24/7	3	wallop
waaaa	3	st log
mrs ann wee.	3	mrs ann we
straits tim	3	the damning report
straits tim	3	fbi
straits tim	3	jim comey
straits tim	3	the fisa court
straits tim	3	trump straits tim
the damning report	3	fbi
the damning report	3	jim comey
the damning report	3	the fisa court
the damning report	3	trump straits tim
fbi	3	jim comey
fbi	3	the fisa court
fbi	3	trump straits tim
jim comey	3	the fisa court
jim comey	3	trump straits tim
the fisa court	3	trump straits tim
nah	3	saa
tpt ministri	3	corrupt
jalanjalan is good	3	enjoy pm le
jalanjalan is good	3	jeffrey ng
enjoy pm le	3	jeffrey ng
jacquelin	3	breaking sammi marriag
pinnacl	3	iphone 8 &
st log	4	saf
cause private hospital doctor	4	severe trauma
cause private hospital doctor	4	government public hospit
severe trauma	4	government public hospit
centr	4	ot nurs
coach	4	indonesia
coach	4	singapor
indonesia	4	singapor
indonesia	4	brunei laos cambodia
indonesia	4	png
indonesia	4	vietnam
indonesia	4	thailand
indonesia	4	malaysia
singapor	4	taiwan
singapor	4	data
singapor	4	communist
singapor	4	china expert
singapor	4	data militari
singapor	4	wanna
singapor	4	mynah
singapor	4	yishun
singapor	4	npark
singapor	4	lee hl
singapor	4	US
singapor	4	barack obama
singapor	4	michelle obama
singapor	4	glad
singapor	4	raffles hospit
singapor	4	the ministry of health’s emergency care collabor
singapor	4	raffleshospit
singapor	4	the national trauma committe
singapor	4	raffleshospital’s accident & emerg
singapor	4	makoto shinkai
singapor	4	malaysia
singapor	4	singapor
singapor	4	israel
singapor	4	abraham issac
singapor	4	divine fac
singapor	4	jewish
yishun	4	northpoint c
yishun	4	mynah
yishun	4	npark
US	4	huawei
US	4	donald trump & china
US	4	xi jinp
US	4	lee hl
US	4	barack obama
US	4	michelle obama
US	4	glad
huawei	4	mandai est
huawei	4	aruvin nathan
the national anthem	4	majulah singapura
american	4	american charity fund
american	4	havoc
american	4	interest
american	4	korea & japan have to listen
american	4	phua chu kang
american	4	british
american charity fund	4	havoc
american charity fund	4	interest
american charity fund	4	korea & japan have to listen
havoc	4	interest
havoc	4	korea & japan have to listen
interest	4	korea & japan have to listen
gleneagl	4	nuh
lta	4	sydney
lta	4	ica
lta	4	ST
lta	4	lta
lta	4	pmd
taiwan	4	data
taiwan	4	communist
taiwan	4	china expert
taiwan	4	data militari
taiwan	4	taiwan
data	4	communist
data	4	china expert
data	4	data militari
communist	4	china expert
communist	4	data militari
china expert	4	data militari
mrt	4	hdb
ipman	4	jacki
bonito	4	st premium
a&e	4	sgh
phua chu kang	4	british
ferrari	4	bugi
brunei laos cambodia	4	png
brunei laos cambodia	4	vietnam
brunei laos cambodia	4	thailand
brunei laos cambodia	4	malaysia
png	4	vietnam
png	4	thailand
png	4	malaysia
vietnam	4	thailand
vietnam	4	malaysia
thailand	4	malaysia
gov	4	GE
Ya	4	EQ
gurkha	4	pmd
pmd	4	road safety park
pmd	4	pab
tua	4	malaysian
changi	4	santa
stanchart marathon	4	changi coast road
grab food pmd	4	the pioneer park
japanes	4	pm lee
japanes	4	lexu
japanes	4	japanes
japanes	4	japan
japanes	4	MD
pm lee	4	lexu
pm lee	4	japan
pm lee	4	blessed new
pm lee	4	merri
lexu	4	japan
spca	4	av
accid	4	mount elizabeth hospit
kate spad	4	frozen
road safety park	4	pab
merri	4	prime
merri	4	churchchristmas ev
soccer	4	SG
SG	4	zachari
ban	4	motorbik
ban	4	ebik
ban	4	bike
motorbik	4	ebik
motorbik	4	bike
ebik	4	bike
transcab	4	prc
transcab	4	cnm
prc	4	cnm
ica	4	ST
ica	4	ica
wah	4	expir
plaza	4	mecca
mynah	4	npark
donald trump & china	4	xi jinp
prime	4	churchchristmas ev
prime	4	impress
lee hl	4	barack obama
lee hl	4	michelle obama
lee hl	4	glad
barack obama	4	michelle obama
barack obama	4	glad
michelle obama	4	glad
raffles hospit	4	the ministry of health’s emergency care collabor
raffles hospit	4	raffleshospit
raffles hospit	4	the national trauma committe
raffles hospit	4	raffleshospital’s accident & emerg
the ministry of health’s emergency care collabor	4	raffleshospit
the ministry of health’s emergency care collabor	4	the national trauma committe
the ministry of health’s emergency care collabor	4	raffleshospital’s accident & emerg
raffleshospit	4	the national trauma committe
raffleshospit	4	raffleshospit
raffleshospit	4	raffleshospital’s accident & emerg
the national trauma committe	4	raffleshospital’s accident & emerg
puthaandu	4	tamil
hahahaha	4	feng
wish a	4	merry xma
singaporean	4	standard chart
singaporean	4	govt
philippin	4	chines
macdonald	4	macdonald
israel	4	israel
israel	4	abraham issac
israel	4	divine fac
israel	4	jewish
abraham issac	4	divine fac
abraham issac	4	jewish
divine fac	4	jewish
lee deepest	5	wee
lee deepest	5	mrs lee
lee deepest	5	mrs wee
lee deepest	5	singapor
wee	5	mrs lee
wee	5	mrs wee
wee	5	singapor
mrs lee	5	mrs wee
mrs lee	5	singapor
mrs wee	5	singapor
singapor	5	malaysia
yishun	5	yishun
lee hsien loong	5	cambridge univers
coz	5	hospit
